Match,Date,Teams,Ground,Result
1,18/04/2008,Royal Challengers Bangalore v Kolkata Knight Riders,"Bengaluru, Bangalore",Kolkata Knight Riders won by 140 Runs
2,19/04/2008,Punjab Kings v Chennai Super Kings,"Mohali, Chandigarh",Chennai Super Kings won by 33 Runs
3,19/04/2008,Delhi Capitals v Rajasthan Royals,Delhi,Delhi Capitals won by 9 Wickets
4,20/04/2008,Kolkata Knight Riders v Deccan Chargers,Kolkata,Kolkata Knight Riders won by 5 Wickets
5,20/04/2008,Mumbai Indians v Royal Challengers Bangalore,Mumbai,Royal Challengers Bangalore won by 5 Wickets
6,21/04/2008,Rajasthan Royals v Punjab Kings,Jaipur,Rajasthan Royals won by 6 Wickets
7,22/04/2008,Deccan Chargers v Delhi Capitals,Hyderabad,Delhi Capitals won by 9 Wickets
8,23/04/2008,Chennai Super Kings v Mumbai Indians,Chennai,Chennai Super Kings won by 6 Runs
9,24/04/2008,Deccan Chargers v Rajasthan Royals,Hyderabad,Rajasthan Royals won by 3 Wickets
10,25/04/2008,Punjab Kings v Mumbai Indians,"Mohali, Chandigarh",Punjab Kings won by 66 Runs
11,26/04/2008,Chennai Super Kings v Kolkata Knight Riders,Chennai,Chennai Super Kings won by 9 Wickets
12,26/04/2008,Royal Challengers Bangalore v Rajasthan Royals,"Bengaluru, Bangalore",Rajasthan Royals won by 7 Wickets
13,27/04/2008,Punjab Kings v Delhi Capitals,"Mohali, Chandigarh",Punjab Kings won by 4 Wickets
14,27/04/2008,Mumbai Indians v Deccan Chargers,Mumbai,Deccan Chargers won by 10 Wickets
15,28/04/2008,Royal Challengers Bangalore v Chennai Super Kings,"Bengaluru, Bangalore",Chennai Super Kings won by 13 Runs
16,29/04/2008,Kolkata Knight Riders v Mumbai Indians,Kolkata,Mumbai Indians won by 7 Wickets
17,30/04/2008,Delhi Capitals v Royal Challengers Bangalore,Delhi,Delhi Capitals won by 10 Runs
18,01/05/2008,Rajasthan Royals v Kolkata Knight Riders,Jaipur,Rajasthan Royals won by 45 Runs
19,01/05/2008,Deccan Chargers v Punjab Kings,Hyderabad,Punjab Kings won by 7 Wickets
20,02/05/2008,Chennai Super Kings v Delhi Capitals,Chennai,Delhi Capitals won by 8 Wickets
21,03/05/2008,Royal Challengers Bangalore v Deccan Chargers,"Bengaluru, Bangalore",Royal Challengers Bangalore won by 3 Runs
22,03/05/2008,Punjab Kings v Kolkata Knight Riders,"Mohali, Chandigarh",Punjab Kings won by 9 Runs
23,04/05/2008,Mumbai Indians v Delhi Capitals,Mumbai,Mumbai Indians won by 29 Runs
24,04/05/2008,Rajasthan Royals v Chennai Super Kings,Jaipur,Rajasthan Royals won by 8 Wickets
25,05/05/2008,Royal Challengers Bangalore v Punjab Kings,"Bengaluru, Bangalore",Punjab Kings won by 6 Wickets
26,06/05/2008,Chennai Super Kings v Deccan Chargers,Chennai,Deccan Chargers won by 7 Wickets
27,07/05/2008,Mumbai Indians v Rajasthan Royals,Mumbai,Mumbai Indians won by 7 Wickets
28,08/05/2008,Delhi Capitals v Chennai Super Kings,Delhi,Chennai Super Kings won by 4 Wickets
29,08/05/2008,Kolkata Knight Riders v Royal Challengers Bangalore,Kolkata,Kolkata Knight Riders won by 5 Runs
30,09/05/2008,Rajasthan Royals v Deccan Chargers,Jaipur,Rajasthan Royals won by 8 Wickets
31,10/05/2008,Chennai Super Kings v Punjab Kings,Chennai,Chennai Super Kings won by 18 Runs
32,11/05/2008,Deccan Chargers v Kolkata Knight Riders,Hyderabad,Kolkata Knight Riders won by 23 Runs
33,11/05/2008,Rajasthan Royals v Delhi Capitals,Jaipur,Rajasthan Royals won by 3 Wickets
34,12/05/2008,Punjab Kings v Royal Challengers Bangalore,"Mohali, Chandigarh",Punjab Kings won by 9 Wickets
35,13/05/2008,Kolkata Knight Riders v Delhi Capitals,Kolkata,Kolkata Knight Riders won by 23 Runs
36,14/05/2008,Mumbai Indians v Chennai Super Kings,Mumbai,Mumbai Indians won by 9 Wickets
37,15/05/2008,Delhi Capitals v Deccan Chargers,Delhi,Delhi Capitals won by 12 Runs
38,16/05/2008,Mumbai Indians v Kolkata Knight Riders,Mumbai,Mumbai Indians won by 8 Wickets
39,17/05/2008,Rajasthan Royals v Royal Challengers Bangalore,Jaipur,Rajasthan Royals won by 65 Runs
40,17/05/2008,Delhi Capitals v Punjab Kings,Delhi,Punjab Kings won by 6 Runs [D/L]
41,18/05/2008,Kolkata Knight Riders v Chennai Super Kings,Kolkata,Chennai Super Kings won by 3 Runs [D/L]
42,18/05/2008,Deccan Chargers v Mumbai Indians,Hyderabad,Mumbai Indians won by 25 Runs
43,19/05/2008,Royal Challengers Bangalore v Delhi Capitals,"Bengaluru, Bangalore",Delhi Capitals won by 5 Wickets
44,20/05/2008,Kolkata Knight Riders v Rajasthan Royals,Kolkata,Rajasthan Royals won by 6 Wickets
45,21/05/2008,Punjab Kings v Mumbai Indians,Mumbai,Punjab Kings won by 1 Run
46,21/05/2008,Chennai Super Kings v Royal Challengers Bangalore,Chennai,Royal Challengers Bangalore won by 14 Runs
47,22/05/2008,Delhi Capitals v Kolkata Knight Riders,Delhi,Match abandoned
48,23/05/2008,Punjab Kings v Deccan Chargers,"Mohali, Chandigarh",Punjab Kings won by 6 Wickets
49,24/05/2008,Chennai Super Kings v Rajasthan Royals,Chennai,Rajasthan Royals won by 10 Runs
50,24/05/2008,Delhi Capitals v Mumbai Indians,Delhi,Delhi Capitals won by 5 Wickets
51,25/05/2008,Deccan Chargers v Royal Challengers Bangalore,Hyderabad,Royal Challengers Bangalore won by 5 Wickets
52,25/05/2008,Kolkata Knight Riders v Punjab Kings,Kolkata,Kolkata Knight Riders won by 3 Wickets
53,26/05/2008,Rajasthan Royals v Mumbai Indians,Jaipur,Rajasthan Royals won by 5 Wickets
54,27/05/2008,Deccan Chargers v Chennai Super Kings,Hyderabad,Chennai Super Kings won by 7 Wickets
55,28/05/2008,Royal Challengers Bangalore v Mumbai Indians,"Bengaluru, Bangalore",Mumbai Indians won by 9 Wickets
56,28/05/2008,Punjab Kings v Rajasthan Royals,"Mohali, Chandigarh",Punjab Kings won by 41 Runs
1st Semi Final,30/05/2008,Delhi Capitals v Rajasthan Royals,Mumbai,Rajasthan Royals won by 105 Runs
2nd Semi Final,31/05/2008,Punjab Kings v Chennai Super Kings,Mumbai,Chennai Super Kings won by 9 Wickets
Final,01/06/2008,Chennai Super Kings v Rajasthan Royals,Mumbai,Rajasthan Royals won by 3 Wickets
1,18/04/2009,Chennai Super Kings v Mumbai Indians,Cape Town,Mumbai Indians won by 19 Runs
2,18/04/2009,Royal Challengers Bangalore v Rajasthan Royals,Cape Town,Royal Challengers Bangalore won by 75 Runs
3,19/04/2009,Delhi Capitals v Punjab Kings,Cape Town,Delhi Capitals won by 10 Wickets [D/L]
4,19/04/2009,Deccan Chargers v Kolkata Knight Riders,Cape Town,Deccan Chargers won by 8 Wickets
5,20/04/2009,Royal Challengers Bangalore v Chennai Super Kings,Port Elizabeth,Chennai Super Kings won by 92 Runs
6,21/04/2009,Punjab Kings v Kolkata Knight Riders,Durban,Kolkata Knight Riders won by 11 Runs [D/L]
7,21/04/2009,Mumbai Indians v Rajasthan Royals,Durban,Match abandoned
8,22/04/2009,Royal Challengers Bangalore v Deccan Chargers,Cape Town,Deccan Chargers won by 24 Runs
10,23/04/2009,Kolkata Knight Riders v Rajasthan Royals,Cape Town,Match tied (Rajasthan Royals won eliminator)
9,23/04/2009,Chennai Super Kings v Delhi Capitals,Durban,Delhi Capitals won by 9 Runs
11,24/04/2009,Royal Challengers Bangalore v Punjab Kings,Durban,Punjab Kings won by 7 Wickets
12,25/04/2009,Deccan Chargers v Mumbai Indians,Durban,Deccan Chargers won by 12 Runs
13,25/04/2009,Chennai Super Kings v Kolkata Knight Riders,Cape Town,Match abandoned
14,26/04/2009,Royal Challengers Bangalore v Delhi Capitals,Port Elizabeth,Delhi Capitals won by 6 Wickets
15,26/04/2009,Punjab Kings v Rajasthan Royals,Cape Town,Punjab Kings won by 27 Runs
16,27/04/2009,Chennai Super Kings v Deccan Chargers,Durban,Deccan Chargers won by 6 Wickets
17,27/04/2009,Kolkata Knight Riders v Mumbai Indians,Port Elizabeth,Mumbai Indians won by 92 Runs
18,28/04/2009,Delhi Capitals v Rajasthan Royals,Centurion,Rajasthan Royals won by 5 Wickets
19,29/04/2009,Royal Challengers Bangalore v Kolkata Knight Riders,Durban,Royal Challengers Bangalore won by 5 Wickets
20,29/04/2009,Punjab Kings v Mumbai Indians,Durban,Punjab Kings won by 3 Runs
21,30/04/2009,Deccan Chargers v Delhi Capitals,Centurion,Delhi Capitals won by 6 Wickets
22,30/04/2009,Chennai Super Kings v Rajasthan Royals,East London,Chennai Super Kings won by 38 Runs
23,01/05/2009,Kolkata Knight Riders v Mumbai Indians,East London,Mumbai Indians won by 9 Runs
24,01/05/2009,Royal Challengers Bangalore v Punjab Kings,Durban,Royal Challengers Bangalore won by 8 Runs
25,02/05/2009,Deccan Chargers v Rajasthan Royals,Port Elizabeth,Rajasthan Royals won by 3 Wickets
26,02/05/2009,Chennai Super Kings v Delhi Capitals,Johannesburg,Chennai Super Kings won by 18 Runs
27,03/05/2009,Punjab Kings v Kolkata Knight Riders,Port Elizabeth,Punjab Kings won by 6 Wickets
28,03/05/2009,Royal Challengers Bangalore v Mumbai Indians,Johannesburg,Royal Challengers Bangalore won by 9 Wickets
29,04/05/2009,Chennai Super Kings v Deccan Chargers,East London,Chennai Super Kings won by 78 Runs
30,05/05/2009,Punjab Kings v Rajasthan Royals,Durban,Rajasthan Royals won by 78 Runs
31,05/05/2009,Delhi Capitals v Kolkata Knight Riders,Durban,Delhi Capitals won by 9 Wickets
32,06/05/2009,Deccan Chargers v Mumbai Indians,Centurion,Deccan Chargers won by 19 Runs
33,07/05/2009,Royal Challengers Bangalore v Rajasthan Royals,Centurion,Rajasthan Royals won by 7 Wickets
34,07/05/2009,Chennai Super Kings v Punjab Kings,Centurion,Chennai Super Kings won by 12 Runs [D/L]
35,08/05/2009,Delhi Capitals v Mumbai Indians,East London,Delhi Capitals won by 7 Wickets
36,09/05/2009,Deccan Chargers v Punjab Kings,Kimberley,Punjab Kings won by 3 Wickets
37,09/05/2009,Chennai Super Kings v Rajasthan Royals,Kimberley,Chennai Super Kings won by 7 Wickets
38,10/05/2009,Royal Challengers Bangalore v Mumbai Indians,Port Elizabeth,Mumbai Indians won by 16 Runs
39,10/05/2009,Delhi Capitals v Kolkata Knight Riders,Johannesburg,Delhi Capitals won by 7 Wickets
40,11/05/2009,Deccan Chargers v Rajasthan Royals,Kimberley,Deccan Chargers won by 53 Runs
41,12/05/2009,Royal Challengers Bangalore v Kolkata Knight Riders,Centurion,Royal Challengers Bangalore won by 6 Wickets
42,12/05/2009,Punjab Kings v Mumbai Indians,Centurion,Mumbai Indians won by 8 Wickets
43,13/05/2009,Deccan Chargers v Delhi Capitals,Durban,Delhi Capitals won by 12 Runs
44,14/05/2009,Royal Challengers Bangalore v Chennai Super Kings,Durban,Royal Challengers Bangalore won by 2 Wickets
45,14/05/2009,Mumbai Indians v Rajasthan Royals,Durban,Rajasthan Royals won by 2 Runs
46,15/05/2009,Delhi Capitals v Punjab Kings,Bloemfontein,Punjab Kings won by 6 Wickets
47,16/05/2009,Chennai Super Kings v Mumbai Indians,Port Elizabeth,Chennai Super Kings won by 7 Wickets
48,16/05/2009,Deccan Chargers v Kolkata Knight Riders,Johannesburg,Deccan Chargers won by 6 Wickets
49,17/05/2009,Deccan Chargers v Punjab Kings,Johannesburg,Punjab Kings won by 1 Run
50,17/05/2009,Delhi Capitals v Rajasthan Royals,Bloemfontein,Delhi Capitals won by 14 Runs
51,18/05/2009,Chennai Super Kings v Kolkata Knight Riders,Centurion,Kolkata Knight Riders won by 7 Wickets
52,19/05/2009,Royal Challengers Bangalore v Delhi Capitals,Johannesburg,Royal Challengers Bangalore won by 7 Wickets
53,20/05/2009,Kolkata Knight Riders v Rajasthan Royals,Durban,Kolkata Knight Riders won by 4 Wickets
54,20/05/2009,Chennai Super Kings v Punjab Kings,Durban,Chennai Super Kings won by 24 Runs
55,21/05/2009,Delhi Capitals v Mumbai Indians,Centurion,Delhi Capitals won by 4 Wickets
56,21/05/2009,Royal Challengers Bangalore v Deccan Chargers,Centurion,Royal Challengers Bangalore won by 12 Runs
1st Semi Final,22/05/2009,Delhi Capitals v Deccan Chargers,Centurion,Deccan Chargers won by 6 Wickets
2nd Semi Final,23/05/2009,Royal Challengers Bangalore v Chennai Super Kings,Johannesburg,Royal Challengers Bangalore won by 6 Wickets
Final,24/05/2009,Royal Challengers Bangalore v Deccan Chargers,Johannesburg,Deccan Chargers won by 6 Runs
1,12/03/2010,Deccan Chargers v Kolkata Knight Riders,Mumbai,Kolkata Knight Riders won by 11 Runs
2,13/03/2010,Mumbai Indians v Rajasthan Royals,Mumbai,Mumbai Indians won by 4 Runs
3,13/03/2010,Punjab Kings v Delhi Capitals,"Mohali, Chandigarh",Delhi Capitals won by 5 Wickets
4,14/03/2010,Kolkata Knight Riders v Royal Challengers Bangalore,Kolkata,Kolkata Knight Riders won by 7 Wickets
5,14/03/2010,Chennai Super Kings v Deccan Chargers,Chennai,Deccan Chargers won by 31 Runs
6,15/03/2010,Rajasthan Royals v Delhi Capitals,Cuttack,Delhi Capitals won by 6 Wickets
7,16/03/2010,Royal Challengers Bangalore v Punjab Kings,"Bengaluru, Bangalore",Royal Challengers Bangalore won by 8 Wickets
8,16/03/2010,Chennai Super Kings v Kolkata Knight Riders,Kolkata,Chennai Super Kings won by 55 Runs
9,17/03/2010,Delhi Capitals v Mumbai Indians,Delhi,Mumbai Indians won by 98 Runs
10,18/03/2010,Royal Challengers Bangalore v Rajasthan Royals,"Bengaluru, Bangalore",Royal Challengers Bangalore won by 10 Wickets
11,19/03/2010,Delhi Capitals v Chennai Super Kings,Delhi,Chennai Super Kings won by 5 Wickets
12,19/03/2010,Deccan Chargers v Punjab Kings,Cuttack,Deccan Chargers won by 6 Runs
13,20/03/2010,Rajasthan Royals v Kolkata Knight Riders,Ahmedabad,Rajasthan Royals won by 34 Runs
14,20/03/2010,Mumbai Indians v Royal Challengers Bangalore,Cuttack,Royal Challengers Bangalore won by 7 Wickets
15,21/03/2010,Deccan Chargers v Delhi Capitals,Cuttack,Deccan Chargers won by 10 Runs
16,21/03/2010,Chennai Super Kings v Punjab Kings,Chennai,Match tied (Punjab Kings won eliminator)
17,22/03/2010,Mumbai Indians v Kolkata Knight Riders,Mumbai,Mumbai Indians won by 7 Wickets
18,23/03/2010,Royal Challengers Bangalore v Chennai Super Kings,"Bengaluru, Bangalore",Royal Challengers Bangalore won by 36 Runs
19,24/03/2010,Punjab Kings v Rajasthan Royals,"Mohali, Chandigarh",Rajasthan Royals won by 31 Runs
20,25/03/2010,Royal Challengers Bangalore v Delhi Capitals,"Bengaluru, Bangalore",Delhi Capitals won by 17 Runs
21,25/03/2010,Mumbai Indians v Chennai Super Kings,Mumbai,Mumbai Indians won by 5 Wickets
22,26/03/2010,Rajasthan Royals v Deccan Chargers,Ahmedabad,Rajasthan Royals won by 8 Wickets
23,27/03/2010,Punjab Kings v Kolkata Knight Riders,"Mohali, Chandigarh",Kolkata Knight Riders won by 39 Runs
24,28/03/2010,Rajasthan Royals v Chennai Super Kings,Ahmedabad,Rajasthan Royals won by 17 Runs
25,28/03/2010,Deccan Chargers v Mumbai Indians,Mumbai,Mumbai Indians won by 41 Runs
26,29/03/2010,Delhi Capitals v Kolkata Knight Riders,Delhi,Delhi Capitals won by 40 Runs
27,30/03/2010,Mumbai Indians v Punjab Kings,Mumbai,Mumbai Indians won by 4 Wickets
28,31/03/2010,Chennai Super Kings v Royal Challengers Bangalore,Chennai,Chennai Super Kings won by 5 Wickets
29,31/03/2010,Delhi Capitals v Rajasthan Royals,Delhi,Delhi Capitals won by 67 Runs
30,01/04/2010,Kolkata Knight Riders v Deccan Chargers,Kolkata,Kolkata Knight Riders won by 24 Runs
31,02/04/2010,Punjab Kings v Royal Challengers Bangalore,Cuttack,Royal Challengers Bangalore won by 6 Wickets
32,03/04/2010,Chennai Super Kings v Rajasthan Royals,Chennai,Chennai Super Kings won by 23 Runs
33,03/04/2010,Mumbai Indians v Deccan Chargers,Mumbai,Mumbai Indians won by 63 Runs
34,04/04/2010,Kolkata Knight Riders v Punjab Kings,Kolkata,Punjab Kings won by 8 Wickets
35,04/04/2010,Delhi Capitals v Royal Challengers Bangalore,Delhi,Delhi Capitals won by 37 Runs
36,05/04/2010,Deccan Chargers v Rajasthan Royals,Nagpur,Rajasthan Royals won by 2 Runs
37,06/04/2010,Chennai Super Kings v Mumbai Indians,Chennai,Chennai Super Kings won by 24 Runs
38,07/04/2010,Rajasthan Royals v Punjab Kings,Jaipur,Rajasthan Royals won by 9 Wickets
39,07/04/2010,Kolkata Knight Riders v Delhi Capitals,Kolkata,Kolkata Knight Riders won by 14 Runs
40,08/04/2010,Royal Challengers Bangalore v Deccan Chargers,"Bengaluru, Bangalore",Deccan Chargers won by 7 Wickets
41,09/04/2010,Punjab Kings v Mumbai Indians,"Mohali, Chandigarh",Punjab Kings won by 6 Wickets
42,10/04/2010,Deccan Chargers v Chennai Super Kings,Nagpur,Deccan Chargers won by 6 Wickets
43,10/04/2010,Royal Challengers Bangalore v Kolkata Knight Riders,"Bengaluru, Bangalore",Royal Challengers Bangalore won by 7 Wickets
44,11/04/2010,Delhi Capitals v Punjab Kings,Delhi,Punjab Kings won by 7 Wickets
45,11/04/2010,Rajasthan Royals v Mumbai Indians,Jaipur,Mumbai Indians won by 37 Runs
46,12/04/2010,Deccan Chargers v Royal Challengers Bangalore,Nagpur,Deccan Chargers won by 13 Runs
47,13/04/2010,Mumbai Indians v Delhi Capitals,Mumbai,Mumbai Indians won by 39 Runs
48,13/04/2010,Chennai Super Kings v Kolkata Knight Riders,Chennai,Chennai Super Kings won by 9 Wickets
49,14/04/2010,Rajasthan Royals v Royal Challengers Bangalore,Jaipur,Royal Challengers Bangalore won by 5 Wickets
50,15/04/2010,Chennai Super Kings v Delhi Capitals,Chennai,Delhi Capitals won by 6 Wickets
51,16/04/2010,Punjab Kings v Deccan Chargers,Dharamsala,Deccan Chargers won by 5 Wickets
52,17/04/2010,Royal Challengers Bangalore v Mumbai Indians,"Bengaluru, Bangalore",Mumbai Indians won by 57 Runs
53,17/04/2010,Kolkata Knight Riders v Rajasthan Royals,Kolkata,Kolkata Knight Riders won by 8 Wickets
54,18/04/2010,Punjab Kings v Chennai Super Kings,Dharamsala,Chennai Super Kings won by 6 Wickets
55,18/04/2010,Delhi Capitals v Deccan Chargers,Delhi,Deccan Chargers won by 11 Runs
56,19/04/2010,Kolkata Knight Riders v Mumbai Indians,Kolkata,Kolkata Knight Riders won by 9 Wickets
1st Semi Final,21/04/2010,Royal Challengers Bangalore v Mumbai Indians,Mumbai,Mumbai Indians won by 35 Runs
2nd Semi Final,22/04/2010,Chennai Super Kings v Deccan Chargers,Mumbai,Chennai Super Kings won by 38 Runs
Play Off 3rd Match,24/04/2010,Royal Challengers Bangalore v Deccan Chargers,Mumbai,Royal Challengers Bangalore won by 9 Wickets
Final,25/04/2010,Chennai Super Kings v Mumbai Indians,Mumbai,Chennai Super Kings won by 22 Runs
1,08/04/2011,Chennai Super Kings v Kolkata Knight Riders,Chennai,Chennai Super Kings won by 2 Runs
2,09/04/2011,Deccan Chargers v Rajasthan Royals,Hyderabad,Rajasthan Royals won by 8 Wickets
3,09/04/2011,Kochi Tuskers Kerala v Royal Challengers Bangalore,Kochi,Royal Challengers Bangalore won by 6 Wickets
4,10/04/2011,Delhi Capitals v Mumbai Indians,Delhi,Mumbai Indians won by 8 Wickets
5,10/04/2011,Pune Warriors v Punjab Kings,Mumbai,Pune Warriors won by 7 Wickets
6,11/04/2011,Kolkata Knight Riders v Deccan Chargers,Kolkata,Kolkata Knight Riders won by 9 Runs
7,12/04/2011,Rajasthan Royals v Delhi Capitals,Jaipur,Rajasthan Royals won by 6 Wickets
8,12/04/2011,Royal Challengers Bangalore v Mumbai Indians,"Bengaluru, Bangalore",Mumbai Indians won by 9 Wickets
10,13/04/2011,Pune Warriors v Kochi Tuskers Kerala,Mumbai,Pune Warriors won by 4 Wickets
9,13/04/2011,Punjab Kings v Chennai Super Kings,"Mohali, Chandigarh",Punjab Kings won by 6 Wickets
11,14/04/2011,Deccan Chargers v Royal Challengers Bangalore,Hyderabad,Deccan Chargers won by 33 Runs
12,15/04/2011,Rajasthan Royals v Kolkata Knight Riders,Jaipur,Kolkata Knight Riders won by 9 Wickets
13,15/04/2011,Mumbai Indians v Kochi Tuskers Kerala,Cuttack,Kochi Tuskers Kerala won by 8 Wickets
14,16/04/2011,Chennai Super Kings v Royal Challengers Bangalore,Chennai,Chennai Super Kings won by 21 Runs
15,16/04/2011,Deccan Chargers v Punjab Kings,Hyderabad,Punjab Kings won by 8 Wickets
16,17/04/2011,Pune Warriors v Delhi Capitals,Mumbai,Delhi Capitals won by 3 Wickets
17,17/04/2011,Kolkata Knight Riders v Rajasthan Royals,Kolkata,Kolkata Knight Riders won by 8 Wickets
18,18/04/2011,Kochi Tuskers Kerala v Chennai Super Kings,Kochi,Kochi Tuskers Kerala won by 7 Wickets
19,19/04/2011,Delhi Capitals v Deccan Chargers,Delhi,Deccan Chargers won by 16 Runs
20,19/04/2011,Royal Challengers Bangalore v Rajasthan Royals,"Bengaluru, Bangalore",Match abandoned
21,20/04/2011,Mumbai Indians v Pune Warriors,Mumbai,Mumbai Indians won by 7 Wickets
22,20/04/2011,Kolkata Knight Riders v Kochi Tuskers Kerala,Kolkata,Kochi Tuskers Kerala won by 6 Runs
23,21/04/2011,Punjab Kings v Rajasthan Royals,"Mohali, Chandigarh",Punjab Kings won by 48 Runs
24,22/04/2011,Kolkata Knight Riders v Royal Challengers Bangalore,Kolkata,Royal Challengers Bangalore won by 9 Wickets
25,22/04/2011,Mumbai Indians v Chennai Super Kings,Mumbai,Mumbai Indians won by 8 Runs
26,23/04/2011,Delhi Capitals v Punjab Kings,Delhi,Delhi Capitals won by 29 Runs
27,24/04/2011,Deccan Chargers v Mumbai Indians,Hyderabad,Mumbai Indians won by 37 Runs
28,24/04/2011,Rajasthan Royals v Kochi Tuskers Kerala,Jaipur,Rajasthan Royals won by 8 Wickets
29,25/04/2011,Chennai Super Kings v Pune Warriors,Chennai,Chennai Super Kings won by 25 Runs
30,26/04/2011,Delhi Capitals v Royal Challengers Bangalore,Delhi,Royal Challengers Bangalore won by 3 Wickets
31,27/04/2011,Pune Warriors v Chennai Super Kings,Mumbai,Chennai Super Kings won by 8 Wickets
32,27/04/2011,Kochi Tuskers Kerala v Deccan Chargers,Kochi,Deccan Chargers won by 55 Runs
33,28/04/2011,Delhi Capitals v Kolkata Knight Riders,Delhi,Kolkata Knight Riders won by 17 Runs
34,29/04/2011,Rajasthan Royals v Mumbai Indians,Jaipur,Rajasthan Royals won by 7 Wickets
35,29/04/2011,Royal Challengers Bangalore v Pune Warriors,"Bengaluru, Bangalore",Royal Challengers Bangalore won by 26 Runs
36,30/04/2011,Kochi Tuskers Kerala v Delhi Capitals,Kochi,Delhi Capitals won by 38 Runs
37,30/04/2011,Kolkata Knight Riders v Punjab Kings,Kolkata,Kolkata Knight Riders won by 8 Wickets
38,01/05/2011,Rajasthan Royals v Pune Warriors,Jaipur,Rajasthan Royals won by 6 Wickets
39,01/05/2011,Chennai Super Kings v Deccan Chargers,Chennai,Chennai Super Kings won by 19 Runs
40,02/05/2011,Mumbai Indians v Punjab Kings,Mumbai,Mumbai Indians won by 23 Runs
41,02/05/2011,Delhi Capitals v Kochi Tuskers Kerala,Delhi,Kochi Tuskers Kerala won by 7 Wickets
42,03/05/2011,Deccan Chargers v Kolkata Knight Riders,Hyderabad,Kolkata Knight Riders won by 20 Runs
43,04/05/2011,Chennai Super Kings v Rajasthan Royals,Chennai,Chennai Super Kings won by 8 Wickets
44,04/05/2011,Pune Warriors v Mumbai Indians,Mumbai,Mumbai Indians won by 21 Runs
45,05/05/2011,Kochi Tuskers Kerala v Kolkata Knight Riders,Kochi,Kochi Tuskers Kerala won by 17 Runs
46,05/05/2011,Deccan Chargers v Delhi Capitals,Hyderabad,Delhi Capitals won by 4 Wickets
47,06/05/2011,Royal Challengers Bangalore v Punjab Kings,"Bengaluru, Bangalore",Royal Challengers Bangalore won by 85 Runs
48,07/05/2011,Kolkata Knight Riders v Chennai Super Kings,Kolkata,Kolkata Knight Riders won by 10 Runs [D/L]
49,07/05/2011,Mumbai Indians v Delhi Capitals,Mumbai,Mumbai Indians won by 32 Runs
50,08/05/2011,Royal Challengers Bangalore v Kochi Tuskers Kerala,"Bengaluru, Bangalore",Royal Challengers Bangalore won by 9 Wickets
51,08/05/2011,Punjab Kings v Pune Warriors,"Mohali, Chandigarh",Pune Warriors won by 5 Wickets
52,09/05/2011,Rajasthan Royals v Chennai Super Kings,Jaipur,Chennai Super Kings won by 63 Runs
53,10/05/2011,Deccan Chargers v Pune Warriors,Hyderabad,Pune Warriors won by 6 Wickets
54,10/05/2011,Punjab Kings v Mumbai Indians,"Mohali, Chandigarh",Punjab Kings won by 76 Runs
55,11/05/2011,Rajasthan Royals v Royal Challengers Bangalore,Jaipur,Royal Challengers Bangalore won by 9 Wickets
56,12/05/2011,Chennai Super Kings v Delhi Capitals,Chennai,Chennai Super Kings won by 18 Runs
57,13/05/2011,Kochi Tuskers Kerala v Punjab Kings,Indore,Punjab Kings won by 6 Wickets
58,14/05/2011,Royal Challengers Bangalore v Kolkata Knight Riders,"Bengaluru, Bangalore",Royal Challengers Bangalore won by 4 Wickets [D/L]
59,14/05/2011,Mumbai Indians v Deccan Chargers,Mumbai,Deccan Chargers won by 10 Runs
60,15/05/2011,Punjab Kings v Delhi Capitals,Dharamsala,Punjab Kings won by 29 Runs
61,15/05/2011,Kochi Tuskers Kerala v Rajasthan Royals,Indore,Kochi Tuskers Kerala won by 8 Wickets
62,16/05/2011,Pune Warriors v Deccan Chargers,Mumbai,Deccan Chargers won by 6 Wickets
63,17/05/2011,Punjab Kings v Royal Challengers Bangalore,Dharamsala,Punjab Kings won by 111 Runs
64,18/05/2011,Chennai Super Kings v Kochi Tuskers Kerala,Chennai,Chennai Super Kings won by 11 Runs
65,19/05/2011,Pune Warriors v Kolkata Knight Riders,Mumbai,Kolkata Knight Riders won by 7 Wickets
66,20/05/2011,Mumbai Indians v Rajasthan Royals,Mumbai,Rajasthan Royals won by 10 Wickets
67,21/05/2011,Punjab Kings v Deccan Chargers,Dharamsala,Deccan Chargers won by 82 Runs
68,21/05/2011,Delhi Capitals v Pune Warriors,Delhi,No result
69,22/05/2011,Royal Challengers Bangalore v Chennai Super Kings,"Bengaluru, Bangalore",Royal Challengers Bangalore won by 8 Wickets
70,22/05/2011,Kolkata Knight Riders v Mumbai Indians,Kolkata,Mumbai Indians won by 5 Wickets
1st Qualifying Final,24/05/2011,Royal Challengers Bangalore v Chennai Super Kings,Mumbai,Chennai Super Kings won by 6 Wickets
Elimination Final,25/05/2011,Kolkata Knight Riders v Mumbai Indians,Mumbai,Mumbai Indians won by 4 Wickets
2nd Qualifying Final,27/05/2011,Royal Challengers Bangalore v Mumbai Indians,Chennai,Royal Challengers Bangalore won by 43 Runs
Final,28/05/2011,Chennai Super Kings v Royal Challengers Bangalore,Chennai,Chennai Super Kings won by 58 Runs
1,04/04/2012,Chennai Super Kings v Mumbai Indians,Chennai,Mumbai Indians won by 8 Wickets
2,05/04/2012,Kolkata Knight Riders v Delhi Capitals,Kolkata,Delhi Capitals won by 8 Wickets
3,06/04/2012,Mumbai Indians v Pune Warriors,Mumbai,Pune Warriors won by 28 Runs
4,06/04/2012,Rajasthan Royals v Punjab Kings,Jaipur,Rajasthan Royals won by 31 Runs
5,07/04/2012,Royal Challengers Bangalore v Delhi Capitals,"Bengaluru, Bangalore",Royal Challengers Bangalore won by 20 Runs
6,07/04/2012,Deccan Chargers v Chennai Super Kings,Visakhapatnam,Chennai Super Kings won by 74 Runs
7,08/04/2012,Rajasthan Royals v Kolkata Knight Riders,Jaipur,Rajasthan Royals won by 22 Runs
8,08/04/2012,Pune Warriors v Punjab Kings,Pune,Pune Warriors won by 22 Runs
9,09/04/2012,Deccan Chargers v Mumbai Indians,Visakhapatnam,Mumbai Indians won by 5 Wickets
10,10/04/2012,Royal Challengers Bangalore v Kolkata Knight Riders,"Bengaluru, Bangalore",Kolkata Knight Riders won by 42 Runs
11,10/04/2012,Delhi Capitals v Chennai Super Kings,Delhi,Delhi Capitals won by 8 Wickets
12,11/04/2012,Mumbai Indians v Rajasthan Royals,Mumbai,Mumbai Indians won by 27 Runs
13,12/04/2012,Chennai Super Kings v Royal Challengers Bangalore,Chennai,Chennai Super Kings won by 5 Wickets
14,12/04/2012,Punjab Kings v Pune Warriors,"Mohali, Chandigarh",Punjab Kings won by 7 Wickets
15,13/04/2012,Kolkata Knight Riders v Rajasthan Royals,Kolkata,Kolkata Knight Riders won by 5 Wickets
16,14/04/2012,Pune Warriors v Chennai Super Kings,Pune,Pune Warriors won by 7 Wickets
17,15/04/2012,Kolkata Knight Riders v Punjab Kings,Kolkata,Punjab Kings won by 2 Runs
18,15/04/2012,Royal Challengers Bangalore v Rajasthan Royals,"Bengaluru, Bangalore",Rajasthan Royals won by 59 Runs
19,16/04/2012,Mumbai Indians v Delhi Capitals,Mumbai,Delhi Capitals won by 7 Wickets
20,17/04/2012,Rajasthan Royals v Deccan Chargers,Jaipur,Rajasthan Royals won by 5 Wickets
21,17/04/2012,Royal Challengers Bangalore v Pune Warriors,"Bengaluru, Bangalore",Royal Challengers Bangalore won by 6 Wickets
22,18/04/2012,Punjab Kings v Kolkata Knight Riders,"Mohali, Chandigarh",Kolkata Knight Riders won by 8 Wickets
23,19/04/2012,Delhi Capitals v Deccan Chargers,Delhi,Delhi Capitals won by 5 Wickets
24,19/04/2012,Chennai Super Kings v Pune Warriors,Chennai,Chennai Super Kings won by 13 Runs
25,20/04/2012,Punjab Kings v Royal Challengers Bangalore,"Mohali, Chandigarh",Royal Challengers Bangalore won by 5 Wickets
26,21/04/2012,Chennai Super Kings v Rajasthan Royals,Chennai,Chennai Super Kings won by 7 Wickets
27,21/04/2012,Delhi Capitals v Pune Warriors,Delhi,Pune Warriors won by 20 Runs
28,22/04/2012,Mumbai Indians v Punjab Kings,Mumbai,Punjab Kings won by 6 Wickets
29,22/04/2012,Deccan Chargers v Kolkata Knight Riders,Cuttack,Kolkata Knight Riders won by 5 Wickets
30,23/04/2012,Rajasthan Royals v Royal Challengers Bangalore,Jaipur,Royal Challengers Bangalore won by 46 Runs
31,24/04/2012,Pune Warriors v Delhi Capitals,Pune,Delhi Capitals won by 8 Wickets
32,24/04/2012,Kolkata Knight Riders v Deccan Chargers,Kolkata,Match abandoned
33,25/04/2012,Punjab Kings v Mumbai Indians,"Mohali, Chandigarh",Mumbai Indians won by 4 Wickets
34,25/04/2012,Royal Challengers Bangalore v Chennai Super Kings,"Bengaluru, Bangalore",No result
35,26/04/2012,Pune Warriors v Deccan Chargers,Pune,Deccan Chargers won by 18 Runs
36,27/04/2012,Delhi Capitals v Mumbai Indians,Delhi,Delhi Capitals won by 37 Runs
37,28/04/2012,Chennai Super Kings v Punjab Kings,Chennai,Punjab Kings won by 7 Runs
38,28/04/2012,Kolkata Knight Riders v Royal Challengers Bangalore,Kolkata,Kolkata Knight Riders won by 47 Runs
39,29/04/2012,Delhi Capitals v Rajasthan Royals,Delhi,Delhi Capitals won by 1 Run
40,29/04/2012,Mumbai Indians v Deccan Chargers,Mumbai,Mumbai Indians won by 5 Wickets
41,30/04/2012,Chennai Super Kings v Kolkata Knight Riders,Chennai,Kolkata Knight Riders won by 5 Wickets
42,01/05/2012,Deccan Chargers v Pune Warriors,Cuttack,Deccan Chargers won by 13 Runs
43,01/05/2012,Rajasthan Royals v Delhi Capitals,Jaipur,Delhi Capitals won by 6 Wickets
44,02/05/2012,Royal Challengers Bangalore v Punjab Kings,"Bengaluru, Bangalore",Punjab Kings won by 4 Wickets
45,03/05/2012,Pune Warriors v Mumbai Indians,Pune,Mumbai Indians won by 1 Run
46,04/05/2012,Chennai Super Kings v Deccan Chargers,Chennai,Chennai Super Kings won by 10 Runs
47,05/05/2012,Kolkata Knight Riders v Pune Warriors,Kolkata,Kolkata Knight Riders won by 7 Runs
48,05/05/2012,Punjab Kings v Rajasthan Royals,"Mohali, Chandigarh",Rajasthan Royals won by 43 Runs
49,06/05/2012,Mumbai Indians v Chennai Super Kings,Mumbai,Mumbai Indians won by 2 Wickets
50,06/05/2012,Royal Challengers Bangalore v Deccan Chargers,"Bengaluru, Bangalore",Royal Challengers Bangalore won by 5 Wickets
51,07/05/2012,Delhi Capitals v Kolkata Knight Riders,Delhi,Kolkata Knight Riders won by 6 Wickets
52,08/05/2012,Pune Warriors v Rajasthan Royals,Pune,Rajasthan Royals won by 7 Wickets
53,08/05/2012,Deccan Chargers v Punjab Kings,Hyderabad,Punjab Kings won by 25 Runs
54,09/05/2012,Mumbai Indians v Royal Challengers Bangalore,Mumbai,Royal Challengers Bangalore won by 9 Wickets
55,10/05/2012,Deccan Chargers v Delhi Capitals,Hyderabad,Delhi Capitals won by 9 Wickets
56,10/05/2012,Rajasthan Royals v Chennai Super Kings,Jaipur,Chennai Super Kings won by 4 Wickets
57,11/05/2012,Pune Warriors v Royal Challengers Bangalore,Pune,Royal Challengers Bangalore won by 35 Runs
58,12/05/2012,Kolkata Knight Riders v Mumbai Indians,Kolkata,Mumbai Indians won by 27 Runs
59,12/05/2012,Chennai Super Kings v Delhi Capitals,Chennai,Chennai Super Kings won by 9 Wickets
60,13/05/2012,Rajasthan Royals v Pune Warriors,Jaipur,Rajasthan Royals won by 45 Runs
61,13/05/2012,Punjab Kings v Deccan Chargers,"Mohali, Chandigarh",Punjab Kings won by 4 Wickets
62,14/05/2012,Royal Challengers Bangalore v Mumbai Indians,"Bengaluru, Bangalore",Mumbai Indians won by 5 Wickets
63,14/05/2012,Kolkata Knight Riders v Chennai Super Kings,Kolkata,Chennai Super Kings won by 5 Wickets
64,15/05/2012,Delhi Capitals v Punjab Kings,Delhi,Delhi Capitals won by 5 Wickets
65,16/05/2012,Mumbai Indians v Kolkata Knight Riders,Mumbai,Kolkata Knight Riders won by 32 Runs
66,17/05/2012,Punjab Kings v Chennai Super Kings,Dharamsala,Punjab Kings won by 6 Wickets
67,17/05/2012,Delhi Capitals v Royal Challengers Bangalore,Delhi,Royal Challengers Bangalore won by 21 Runs
68,18/05/2012,Deccan Chargers v Rajasthan Royals,Hyderabad,Deccan Chargers won by 5 Wickets
69,19/05/2012,Punjab Kings v Delhi Capitals,Dharamsala,Delhi Capitals won by 6 Wickets
70,19/05/2012,Pune Warriors v Kolkata Knight Riders,Pune,Kolkata Knight Riders won by 34 Runs
71,20/05/2012,Deccan Chargers v Royal Challengers Bangalore,Hyderabad,Deccan Chargers won by 9 Runs
72,20/05/2012,Rajasthan Royals v Mumbai Indians,Jaipur,Mumbai Indians won by 10 Wickets
1st Qualifying Final,22/05/2012,Delhi Capitals v Kolkata Knight Riders,Pune,Kolkata Knight Riders won by 18 Runs
Elimination Final,23/05/2012,Chennai Super Kings v Mumbai Indians,"Bengaluru, Bangalore",Chennai Super Kings won by 3 Runs
2nd Qualifying Final,25/05/2012,Delhi Capitals v Chennai Super Kings,Chennai,Chennai Super Kings won by 86 Runs
Final,27/05/2012,Kolkata Knight Riders v Chennai Super Kings,Chennai,Kolkata Knight Riders won by 5 Wickets
1,03/04/2013,Kolkata Knight Riders v Delhi Capitals,Kolkata,Kolkata Knight Riders won by 6 Wickets
2,04/04/2013,Royal Challengers Bangalore v Mumbai Indians,"Bengaluru, Bangalore",Royal Challengers Bangalore won by 2 Runs
3,05/04/2013,Sunrisers Hyderabad v Pune Warriors,Hyderabad,Sunrisers Hyderabad won by 22 Runs
4,06/04/2013,Delhi Capitals v Rajasthan Royals,Delhi,Rajasthan Royals won by 5 Runs
5,06/04/2013,Chennai Super Kings v Mumbai Indians,Chennai,Mumbai Indians won by 9 Runs
6,07/04/2013,Pune Warriors v Punjab Kings,Pune,Punjab Kings won by 8 Wickets
7,07/04/2013,Sunrisers Hyderabad v Royal Challengers Bangalore,Hyderabad,Match tied (Sunrisers Hyderabad won eliminator)
8,08/04/2013,Rajasthan Royals v Kolkata Knight Riders,Jaipur,Rajasthan Royals won by 19 Runs
10,09/04/2013,Mumbai Indians v Delhi Capitals,Mumbai,Mumbai Indians won by 44 Runs
9,09/04/2013,Royal Challengers Bangalore v Sunrisers Hyderabad,"Bengaluru, Bangalore",Royal Challengers Bangalore won by 7 Wickets
11,10/04/2013,Punjab Kings v Chennai Super Kings,"Mohali, Chandigarh",Chennai Super Kings won by 10 Wickets
12,11/04/2013,Royal Challengers Bangalore v Kolkata Knight Riders,"Bengaluru, Bangalore",Royal Challengers Bangalore won by 8 Wickets
13,11/04/2013,Pune Warriors v Rajasthan Royals,Pune,Pune Warriors won by 7 Wickets
14,12/04/2013,Delhi Capitals v Sunrisers Hyderabad,Delhi,Sunrisers Hyderabad won by 3 Wickets
15,13/04/2013,Mumbai Indians v Pune Warriors,Mumbai,Mumbai Indians won by 41 Runs
16,13/04/2013,Chennai Super Kings v Royal Challengers Bangalore,Chennai,Chennai Super Kings won by 4 Wickets
17,14/04/2013,Kolkata Knight Riders v Sunrisers Hyderabad,Kolkata,Kolkata Knight Riders won by 48 Runs
18,14/04/2013,Rajasthan Royals v Punjab Kings,Jaipur,Rajasthan Royals won by 6 Wickets
19,15/04/2013,Chennai Super Kings v Pune Warriors,Chennai,Pune Warriors won by 24 Runs
20,16/04/2013,Punjab Kings v Kolkata Knight Riders,"Mohali, Chandigarh",Punjab Kings won by 4 Runs
21,16/04/2013,Royal Challengers Bangalore v Delhi Capitals,"Bengaluru, Bangalore",Match tied (Royal Challengers Bangalore won eliminator)
22,17/04/2013,Pune Warriors v Sunrisers Hyderabad,Pune,Sunrisers Hyderabad won by 11 Runs
23,17/04/2013,Rajasthan Royals v Mumbai Indians,Jaipur,Rajasthan Royals won by 87 Runs
24,18/04/2013,Chennai Super Kings v Delhi Capitals,Delhi,Chennai Super Kings won by 86 Runs
25,19/04/2013,Sunrisers Hyderabad v Punjab Kings,Hyderabad,Sunrisers Hyderabad won by 5 Wickets
26,20/04/2013,Kolkata Knight Riders v Chennai Super Kings,Kolkata,Chennai Super Kings won by 4 Wickets
27,20/04/2013,Royal Challengers Bangalore v Rajasthan Royals,"Bengaluru, Bangalore",Royal Challengers Bangalore won by 7 Wickets
28,21/04/2013,Delhi Capitals v Mumbai Indians,Delhi,Delhi Capitals won by 9 Wickets
29,21/04/2013,Punjab Kings v Pune Warriors,"Mohali, Chandigarh",Punjab Kings won by 7 Wickets
30,22/04/2013,Chennai Super Kings v Rajasthan Royals,Chennai,Chennai Super Kings won by 5 Wickets
31,23/04/2013,Royal Challengers Bangalore v Pune Warriors,"Bengaluru, Bangalore",Royal Challengers Bangalore won by 130 Runs
32,23/04/2013,Delhi Capitals v Punjab Kings,Delhi,Punjab Kings won by 5 Wickets
33,24/04/2013,Kolkata Knight Riders v Mumbai Indians,Kolkata,Mumbai Indians won by 5 Wickets
34,25/04/2013,Chennai Super Kings v Sunrisers Hyderabad,Chennai,Chennai Super Kings won by 5 Wickets
35,26/04/2013,Kolkata Knight Riders v Punjab Kings,Kolkata,Kolkata Knight Riders won by 6 Wickets
36,27/04/2013,Sunrisers Hyderabad v Rajasthan Royals,Jaipur,Rajasthan Royals won by 8 Wickets
37,27/04/2013,Mumbai Indians v Royal Challengers Bangalore,Mumbai,Mumbai Indians won by 58 Runs
38,28/04/2013,Chennai Super Kings v Kolkata Knight Riders,Chennai,Chennai Super Kings won by 14 Runs
39,28/04/2013,Delhi Capitals v Pune Warriors,Raipur,Delhi Capitals won by 15 Runs
40,29/04/2013,Rajasthan Royals v Royal Challengers Bangalore,Jaipur,Rajasthan Royals won by 4 Wickets
41,29/04/2013,Mumbai Indians v Punjab Kings,Mumbai,Mumbai Indians won by 4 Runs
42,30/04/2013,Chennai Super Kings v Pune Warriors,Pune,Chennai Super Kings won by 37 Runs
43,01/05/2013,Mumbai Indians v Sunrisers Hyderabad,Hyderabad,Sunrisers Hyderabad won by 7 Wickets
44,01/05/2013,Delhi Capitals v Kolkata Knight Riders,Raipur,Delhi Capitals won by 7 Wickets
45,02/05/2013,Chennai Super Kings v Punjab Kings,Chennai,Chennai Super Kings won by 15 Runs
46,02/05/2013,Pune Warriors v Royal Challengers Bangalore,Pune,Royal Challengers Bangalore won by 17 Runs
47,03/05/2013,Kolkata Knight Riders v Rajasthan Royals,Kolkata,Kolkata Knight Riders won by 8 Wickets
48,04/05/2013,Sunrisers Hyderabad v Delhi Capitals,Hyderabad,Sunrisers Hyderabad won by 6 Wickets
49,05/05/2013,Mumbai Indians v Chennai Super Kings,Mumbai,Mumbai Indians won by 60 Runs
50,05/05/2013,Rajasthan Royals v Pune Warriors,Jaipur,Rajasthan Royals won by 5 Wickets
51,06/05/2013,Punjab Kings v Royal Challengers Bangalore,"Mohali, Chandigarh",Punjab Kings won by 6 Wickets
52,07/05/2013,Rajasthan Royals v Delhi Capitals,Jaipur,Rajasthan Royals won by 9 Wickets
53,07/05/2013,Mumbai Indians v Kolkata Knight Riders,Mumbai,Mumbai Indians won by 65 Runs
54,08/05/2013,Sunrisers Hyderabad v Chennai Super Kings,Hyderabad,Chennai Super Kings won by 77 Runs
55,09/05/2013,Punjab Kings v Rajasthan Royals,"Mohali, Chandigarh",Rajasthan Royals won by 8 Wickets
56,09/05/2013,Pune Warriors v Kolkata Knight Riders,Pune,Kolkata Knight Riders won by 46 Runs
57,10/05/2013,Royal Challengers Bangalore v Delhi Capitals,Delhi,Royal Challengers Bangalore won by 4 Runs
58,11/05/2013,Pune Warriors v Mumbai Indians,Pune,Mumbai Indians won by 5 Wickets
59,11/05/2013,Punjab Kings v Sunrisers Hyderabad,"Mohali, Chandigarh",Sunrisers Hyderabad won by 30 Runs
60,12/05/2013,Kolkata Knight Riders v Royal Challengers Bangalore,Ranchi,Kolkata Knight Riders won by 5 Wickets
61,12/05/2013,Rajasthan Royals v Chennai Super Kings,Jaipur,Rajasthan Royals won by 5 Wickets
62,13/05/2013,Mumbai Indians v Sunrisers Hyderabad,Mumbai,Mumbai Indians won by 7 Wickets
63,14/05/2013,Royal Challengers Bangalore v Punjab Kings,"Bengaluru, Bangalore",Punjab Kings won by 7 Wickets
64,14/05/2013,Chennai Super Kings v Delhi Capitals,Chennai,Chennai Super Kings won by 33 Runs
65,15/05/2013,Kolkata Knight Riders v Pune Warriors,Ranchi,Pune Warriors won by 7 Runs
66,15/05/2013,Mumbai Indians v Rajasthan Royals,Mumbai,Mumbai Indians won by 14 Runs
67,16/05/2013,Punjab Kings v Delhi Capitals,Dharamsala,Punjab Kings won by 7 Runs
68,17/05/2013,Sunrisers Hyderabad v Rajasthan Royals,Hyderabad,Sunrisers Hyderabad won by 23 Runs
69,18/05/2013,Punjab Kings v Mumbai Indians,Dharamsala,Punjab Kings won by 50 Runs
70,18/05/2013,Royal Challengers Bangalore v Chennai Super Kings,"Bengaluru, Bangalore",Royal Challengers Bangalore won by 24 Runs
71,19/05/2013,Pune Warriors v Delhi Capitals,Pune,Pune Warriors won by 38 Runs
72,19/05/2013,Sunrisers Hyderabad v Kolkata Knight Riders,Hyderabad,Sunrisers Hyderabad won by 5 Wickets
1st Qualifying Final,21/05/2013,Chennai Super Kings v Mumbai Indians,Delhi,Chennai Super Kings won by 48 Runs
Elimination Final,22/05/2013,Rajasthan Royals v Sunrisers Hyderabad,Delhi,Rajasthan Royals won by 4 Wickets
2nd Qualifying Final,24/05/2013,Mumbai Indians v Rajasthan Royals,Kolkata,Mumbai Indians won by 4 Wickets
Final,26/05/2013,Chennai Super Kings v Mumbai Indians,Kolkata,Mumbai Indians won by 23 Runs
1,16/04/2014,Kolkata Knight Riders v Mumbai Indians,Abu Dhabi,Kolkata Knight Riders won by 41 Runs
2,17/04/2014,Royal Challengers Bangalore v Delhi Capitals,Sharjah,Royal Challengers Bangalore won by 8 Wickets
3,18/04/2014,Chennai Super Kings v Punjab Kings,Abu Dhabi,Punjab Kings won by 6 Wickets
4,18/04/2014,Sunrisers Hyderabad v Rajasthan Royals,Abu Dhabi,Rajasthan Royals won by 4 Wickets
5,19/04/2014,Mumbai Indians v Royal Challengers Bangalore,Dubai,Royal Challengers Bangalore won by 7 Wickets
6,19/04/2014,Kolkata Knight Riders v Delhi Capitals,Dubai,Delhi Capitals won by 4 Wickets
7,20/04/2014,Rajasthan Royals v Punjab Kings,Sharjah,Punjab Kings won by 7 Wickets
8,21/04/2014,Chennai Super Kings v Delhi Capitals,Abu Dhabi,Chennai Super Kings won by 93 Runs
9,22/04/2014,Punjab Kings v Sunrisers Hyderabad,Sharjah,Punjab Kings won by 72 Runs
10,23/04/2014,Chennai Super Kings v Rajasthan Royals,Dubai,Chennai Super Kings won by 7 Runs
11,24/04/2014,Royal Challengers Bangalore v Kolkata Knight Riders,Sharjah,Kolkata Knight Riders won by 2 Runs
12,25/04/2014,Sunrisers Hyderabad v Delhi Capitals,Dubai,Sunrisers Hyderabad won by 4 Runs
13,25/04/2014,Chennai Super Kings v Mumbai Indians,Dubai,Chennai Super Kings won by 7 Wickets
14,26/04/2014,Royal Challengers Bangalore v Rajasthan Royals,Abu Dhabi,Rajasthan Royals won by 6 Wickets
15,26/04/2014,Kolkata Knight Riders v Punjab Kings,Abu Dhabi,Punjab Kings won by 23 Runs
16,27/04/2014,Delhi Capitals v Mumbai Indians,Sharjah,Delhi Capitals won by 6 Wickets
17,27/04/2014,Sunrisers Hyderabad v Chennai Super Kings,Sharjah,Chennai Super Kings won by 5 Wickets
18,28/04/2014,Punjab Kings v Royal Challengers Bangalore,Dubai,Punjab Kings won by 5 Wickets
19,29/04/2014,Kolkata Knight Riders v Rajasthan Royals,Abu Dhabi,Rajasthan Royals won by Boundary Count
20,30/04/2014,Mumbai Indians v Sunrisers Hyderabad,Dubai,Sunrisers Hyderabad won by 15 Runs
21,02/05/2014,Chennai Super Kings v Kolkata Knight Riders,Ranchi,Chennai Super Kings won by 34 Runs
22,03/05/2014,Mumbai Indians v Punjab Kings,Mumbai,Mumbai Indians won by 5 Wickets
23,03/05/2014,Delhi Capitals v Rajasthan Royals,Delhi,Rajasthan Royals won by 7 Wickets
24,04/05/2014,Royal Challengers Bangalore v Sunrisers Hyderabad,"Bengaluru, Bangalore",Royal Challengers Bangalore won by 4 Wickets
25,05/05/2014,Rajasthan Royals v Kolkata Knight Riders,Ahmedabad,Rajasthan Royals won by 10 Runs
26,05/05/2014,Delhi Capitals v Chennai Super Kings,Delhi,Chennai Super Kings won by 8 Wickets
27,06/05/2014,Mumbai Indians v Royal Challengers Bangalore,Mumbai,Mumbai Indians won by 19 Runs
28,07/05/2014,Delhi Capitals v Kolkata Knight Riders,Delhi,Kolkata Knight Riders won by 8 Wickets
29,07/05/2014,Punjab Kings v Chennai Super Kings,Cuttack,Punjab Kings won by 44 Runs
30,08/05/2014,Sunrisers Hyderabad v Rajasthan Royals,Ahmedabad,Sunrisers Hyderabad won by 32 Runs
31,09/05/2014,Royal Challengers Bangalore v Punjab Kings,"Bengaluru, Bangalore",Punjab Kings won by 32 Runs
32,10/05/2014,Delhi Capitals v Sunrisers Hyderabad,Delhi,Sunrisers Hyderabad won by 8 Wickets [D/L]
33,10/05/2014,Mumbai Indians v Chennai Super Kings,Mumbai,Chennai Super Kings won by 4 Wickets
34,11/05/2014,Kolkata Knight Riders v Punjab Kings,Cuttack,Kolkata Knight Riders won by 9 Wickets
35,11/05/2014,Royal Challengers Bangalore v Rajasthan Royals,"Bengaluru, Bangalore",Rajasthan Royals won by 5 Wickets
36,12/05/2014,Sunrisers Hyderabad v Mumbai Indians,Hyderabad,Mumbai Indians won by 7 Wickets
37,13/05/2014,Chennai Super Kings v Rajasthan Royals,Ranchi,Chennai Super Kings won by 5 Wickets
38,13/05/2014,Royal Challengers Bangalore v Delhi Capitals,"Bengaluru, Bangalore",Royal Challengers Bangalore won by 16 Runs
39,14/05/2014,Sunrisers Hyderabad v Punjab Kings,Hyderabad,Punjab Kings won by 6 Wickets
40,14/05/2014,Kolkata Knight Riders v Mumbai Indians,Cuttack,Kolkata Knight Riders won by 6 Wickets
41,15/05/2014,Rajasthan Royals v Delhi Capitals,Ahmedabad,Rajasthan Royals won by 62 Runs
42,18/05/2014,Chennai Super Kings v Royal Challengers Bangalore,Ranchi,Royal Challengers Bangalore won by 5 Wickets
43,18/05/2014,Sunrisers Hyderabad v Kolkata Knight Riders,Hyderabad,Kolkata Knight Riders won by 7 Wickets
44,19/05/2014,Rajasthan Royals v Mumbai Indians,Ahmedabad,Mumbai Indians won by 25 Runs
45,19/05/2014,Delhi Capitals v Punjab Kings,Delhi,Punjab Kings won by 4 Wickets
46,20/05/2014,Sunrisers Hyderabad v Royal Challengers Bangalore,Hyderabad,Sunrisers Hyderabad won by 7 Wickets
47,20/05/2014,Kolkata Knight Riders v Chennai Super Kings,Kolkata,Kolkata Knight Riders won by 8 Wickets
48,21/05/2014,Punjab Kings v Mumbai Indians,"Mohali, Chandigarh",Mumbai Indians won by 7 Wickets
49,22/05/2014,Kolkata Knight Riders v Royal Challengers Bangalore,Kolkata,Kolkata Knight Riders won by 30 Runs
50,22/05/2014,Chennai Super Kings v Sunrisers Hyderabad,Ranchi,Sunrisers Hyderabad won by 6 Wickets
51,23/05/2014,Mumbai Indians v Delhi Capitals,Mumbai,Mumbai Indians won by 15 Runs
52,23/05/2014,Punjab Kings v Rajasthan Royals,"Mohali, Chandigarh",Punjab Kings won by 16 Runs
53,24/05/2014,Royal Challengers Bangalore v Chennai Super Kings,"Bengaluru, Bangalore",Chennai Super Kings won by 8 Wickets
54,24/05/2014,Kolkata Knight Riders v Sunrisers Hyderabad,Kolkata,Kolkata Knight Riders won by 4 Wickets
55,25/05/2014,Punjab Kings v Delhi Capitals,"Mohali, Chandigarh",Punjab Kings won by 7 Wickets
56,25/05/2014,Mumbai Indians v Rajasthan Royals,Mumbai,Mumbai Indians won by 5 Wickets
Elimination Final,28/05/2014,Mumbai Indians v Chennai Super Kings,Mumbai,Chennai Super Kings won by 7 Wickets
1st Qualifying Final,28/05/2014,Kolkata Knight Riders v Punjab Kings,Kolkata,Kolkata Knight Riders won by 28 Runs
2nd Qualifying Final,30/05/2014,Chennai Super Kings v Punjab Kings,Mumbai,Punjab Kings won by 24 Runs
Final,01/06/2014,Kolkata Knight Riders v Punjab Kings,"Bengaluru, Bangalore",Kolkata Knight Riders won by 3 Wickets
1,08/04/2015,Kolkata Knight Riders v Mumbai Indians,Kolkata,Kolkata Knight Riders won by 3 Wickets
2,09/04/2015,Chennai Super Kings v Delhi Capitals,Chennai,Chennai Super Kings won by 1 Run
3,10/04/2015,Punjab Kings v Rajasthan Royals,Pune,Rajasthan Royals won by 26 Runs
4,11/04/2015,Chennai Super Kings v Sunrisers Hyderabad,Chennai,Chennai Super Kings won by 45 Runs
5,11/04/2015,Kolkata Knight Riders v Royal Challengers Bangalore,Kolkata,Royal Challengers Bangalore won by 3 Wickets
6,12/04/2015,Delhi Capitals v Rajasthan Royals,Delhi,Rajasthan Royals won by 3 Wickets
7,12/04/2015,Mumbai Indians v Punjab Kings,Mumbai,Punjab Kings won by 18 Runs
8,13/04/2015,Royal Challengers Bangalore v Sunrisers Hyderabad,"Bengaluru, Bangalore",Sunrisers Hyderabad won by 8 Wickets
9,14/04/2015,Rajasthan Royals v Mumbai Indians,Ahmedabad,Rajasthan Royals won by 7 Wickets
10,15/04/2015,Punjab Kings v Delhi Capitals,Pune,Delhi Capitals won by 5 Wickets
11,16/04/2015,Sunrisers Hyderabad v Rajasthan Royals,Visakhapatnam,Rajasthan Royals won by 6 Wickets
12,17/04/2015,Mumbai Indians v Chennai Super Kings,Mumbai,Chennai Super Kings won by 6 Wickets
13,18/04/2015,Sunrisers Hyderabad v Delhi Capitals,Visakhapatnam,Delhi Capitals won by 4 Runs
14,18/04/2015,Punjab Kings v Kolkata Knight Riders,Pune,Kolkata Knight Riders won by 4 Wickets
15,19/04/2015,Rajasthan Royals v Chennai Super Kings,Ahmedabad,Rajasthan Royals won by 8 Wickets
16,19/04/2015,Royal Challengers Bangalore v Mumbai Indians,"Bengaluru, Bangalore",Mumbai Indians won by 18 Runs
17,20/04/2015,Delhi Capitals v Kolkata Knight Riders,Delhi,Kolkata Knight Riders won by 6 Wickets
18,21/04/2015,Rajasthan Royals v Punjab Kings,Ahmedabad,Punjab Kings won by Super Over
19,22/04/2015,Sunrisers Hyderabad v Kolkata Knight Riders,Visakhapatnam,Sunrisers Hyderabad won by 16 Runs [D/L]
20,22/04/2015,Royal Challengers Bangalore v Chennai Super Kings,"Bengaluru, Bangalore",Chennai Super Kings won by 27 Runs
21,23/04/2015,Delhi Capitals v Mumbai Indians,Delhi,Delhi Capitals won by 37 Runs
22,24/04/2015,Rajasthan Royals v Royal Challengers Bangalore,Ahmedabad,Royal Challengers Bangalore won by 9 Wickets
23,25/04/2015,Mumbai Indians v Sunrisers Hyderabad,Mumbai,Mumbai Indians won by 20 Runs
24,25/04/2015,Chennai Super Kings v Punjab Kings,Chennai,Chennai Super Kings won by 97 Runs
25,26/04/2015,Kolkata Knight Riders v Rajasthan Royals,Kolkata,Match abandoned
26,26/04/2015,Delhi Capitals v Royal Challengers Bangalore,Delhi,Royal Challengers Bangalore won by 10 Wickets
27,27/04/2015,Punjab Kings v Sunrisers Hyderabad,"Mohali, Chandigarh",Sunrisers Hyderabad won by 20 Runs
28,28/04/2015,Chennai Super Kings v Kolkata Knight Riders,Chennai,Chennai Super Kings won by 2 Runs
29,29/04/2015,Royal Challengers Bangalore v Rajasthan Royals,"Bengaluru, Bangalore",No result
30,30/04/2015,Kolkata Knight Riders v Chennai Super Kings,Kolkata,Kolkata Knight Riders won by 7 Wickets
31,01/05/2015,Delhi Capitals v Punjab Kings,Delhi,Delhi Capitals won by 9 Wickets
32,01/05/2015,Mumbai Indians v Rajasthan Royals,Mumbai,Mumbai Indians won by 8 Runs
33,02/05/2015,Royal Challengers Bangalore v Kolkata Knight Riders,"Bengaluru, Bangalore",Royal Challengers Bangalore won by 7 Wickets
34,02/05/2015,Sunrisers Hyderabad v Chennai Super Kings,Hyderabad,Sunrisers Hyderabad won by 22 Runs
35,03/05/2015,Punjab Kings v Mumbai Indians,"Mohali, Chandigarh",Mumbai Indians won by 23 Runs
36,03/05/2015,Rajasthan Royals v Delhi Capitals,Mumbai,Rajasthan Royals won by 14 Runs
37,04/05/2015,Chennai Super Kings v Royal Challengers Bangalore,Chennai,Chennai Super Kings won by 24 Runs
38,04/05/2015,Kolkata Knight Riders v Sunrisers Hyderabad,Kolkata,Kolkata Knight Riders won by 35 Runs
39,05/05/2015,Mumbai Indians v Delhi Capitals,Mumbai,Mumbai Indians won by 5 Wickets
40,06/05/2015,Royal Challengers Bangalore v Punjab Kings,"Bengaluru, Bangalore",Royal Challengers Bangalore won by 138 Runs
41,07/05/2015,Rajasthan Royals v Sunrisers Hyderabad,Mumbai,Sunrisers Hyderabad won by 7 Runs
42,07/05/2015,Kolkata Knight Riders v Delhi Capitals,Kolkata,Kolkata Knight Riders won by 13 Runs
43,08/05/2015,Chennai Super Kings v Mumbai Indians,Chennai,Mumbai Indians won by 6 Wickets
44,09/05/2015,Kolkata Knight Riders v Punjab Kings,Kolkata,Kolkata Knight Riders won by 1 Wicket
45,09/05/2015,Delhi Capitals v Sunrisers Hyderabad,Raipur,Sunrisers Hyderabad won by 6 Runs
46,10/05/2015,Mumbai Indians v Royal Challengers Bangalore,Mumbai,Royal Challengers Bangalore won by 39 Runs
47,10/05/2015,Chennai Super Kings v Rajasthan Royals,Chennai,Chennai Super Kings won by 12 Runs
48,11/05/2015,Sunrisers Hyderabad v Punjab Kings,Hyderabad,Sunrisers Hyderabad won by 5 Runs
49,12/05/2015,Delhi Capitals v Chennai Super Kings,Raipur,Delhi Capitals won by 6 Wickets
50,13/05/2015,Punjab Kings v Royal Challengers Bangalore,"Mohali, Chandigarh",Punjab Kings won by 22 Runs
51,14/05/2015,Mumbai Indians v Kolkata Knight Riders,Mumbai,Mumbai Indians won by 5 Runs
52,15/05/2015,Sunrisers Hyderabad v Royal Challengers Bangalore,Hyderabad,Royal Challengers Bangalore won by 6 Wickets [D/L]
53,16/05/2015,Punjab Kings v Chennai Super Kings,"Mohali, Chandigarh",Chennai Super Kings won by 7 Wickets
54,16/05/2015,Rajasthan Royals v Kolkata Knight Riders,Mumbai,Rajasthan Royals won by 9 Runs
55,17/05/2015,Royal Challengers Bangalore v Delhi Capitals,"Bengaluru, Bangalore",No result
56,17/05/2015,Sunrisers Hyderabad v Mumbai Indians,Hyderabad,Mumbai Indians won by 9 Wickets
1st Qualifying Final,19/05/2015,Chennai Super Kings v Mumbai Indians,Mumbai,Mumbai Indians won by 25 Runs
1st Elimination Final,20/05/2015,Royal Challengers Bangalore v Rajasthan Royals,Pune,Royal Challengers Bangalore won by 71 Runs
2nd Qualifying Final,22/05/2015,Chennai Super Kings v Royal Challengers Bangalore,Ranchi,Chennai Super Kings won by 3 Wickets
Final,24/05/2015,Mumbai Indians v Chennai Super Kings,Kolkata,Mumbai Indians won by 41 Runs
1,09/04/2016,Mumbai Indians v Rising Pune Supergiant,Mumbai,Rising Pune Supergiant won by 9 Wickets
2,10/04/2016,Kolkata Knight Riders v Delhi Capitals,Kolkata,Kolkata Knight Riders won by 9 Wickets
3,11/04/2016,Punjab Kings v Gujarat Lions,"Mohali, Chandigarh",Gujarat Lions won by 5 Wickets
4,12/04/2016,Royal Challengers Bangalore v Sunrisers Hyderabad,"Bengaluru, Bangalore",Royal Challengers Bangalore won by 45 Runs
5,13/04/2016,Kolkata Knight Riders v Mumbai Indians,Kolkata,Mumbai Indians won by 6 Wickets
6,14/04/2016,Gujarat Lions v Rising Pune Supergiant,"Khandheri, Rajkot",Gujarat Lions won by 7 Wickets
7,15/04/2016,Delhi Capitals v Punjab Kings,Delhi,Delhi Capitals won by 8 Wickets
8,16/04/2016,Sunrisers Hyderabad v Kolkata Knight Riders,Hyderabad,Kolkata Knight Riders won by 8 Wickets
9,16/04/2016,Mumbai Indians v Gujarat Lions,Mumbai,Gujarat Lions won by 3 Wickets
10,17/04/2016,Punjab Kings v Rising Pune Supergiant,"Mohali, Chandigarh",Punjab Kings won by 6 Wickets
11,17/04/2016,Royal Challengers Bangalore v Delhi Capitals,"Bengaluru, Bangalore",Delhi Capitals won by 7 Wickets
12,18/04/2016,Sunrisers Hyderabad v Mumbai Indians,Hyderabad,Sunrisers Hyderabad won by 7 Wickets
13,19/04/2016,Punjab Kings v Kolkata Knight Riders,"Mohali, Chandigarh",Kolkata Knight Riders won by 7 Wickets
14,20/04/2016,Mumbai Indians v Royal Challengers Bangalore,Cuttack,Mumbai Indians won by 6 Wickets
15,21/04/2016,Gujarat Lions v Sunrisers Hyderabad,"Khandheri, Rajkot",Sunrisers Hyderabad won by 10 Wickets
16,22/04/2016,Rising Pune Supergiant v Royal Challengers Bangalore,Pune,Royal Challengers Bangalore won by 13 Runs
17,23/04/2016,Delhi Capitals v Mumbai Indians,Delhi,Delhi Capitals won by 10 Runs
18,23/04/2016,Punjab Kings v Sunrisers Hyderabad,Hyderabad,Sunrisers Hyderabad won by 5 Wickets
19,24/04/2016,Gujarat Lions v Royal Challengers Bangalore,"Khandheri, Rajkot",Gujarat Lions won by 6 Wickets
20,24/04/2016,Rising Pune Supergiant v Kolkata Knight Riders,Pune,Kolkata Knight Riders won by 2 Wickets
21,25/04/2016,Punjab Kings v Mumbai Indians,"Mohali, Chandigarh",Mumbai Indians won by 25 Runs
22,26/04/2016,Sunrisers Hyderabad v Rising Pune Supergiant,Hyderabad,Rising Pune Supergiant won by 34 Runs [D/L]
23,27/04/2016,Delhi Capitals v Gujarat Lions,Delhi,Gujarat Lions won by 1 Run
24,28/04/2016,Mumbai Indians v Kolkata Knight Riders,Mumbai,Mumbai Indians won by 6 Wickets
25,29/04/2016,Rising Pune Supergiant v Gujarat Lions,Pune,Gujarat Lions won by 3 Wickets
26,30/04/2016,Delhi Capitals v Kolkata Knight Riders,Delhi,Delhi Capitals won by 27 Runs
27,30/04/2016,Sunrisers Hyderabad v Royal Challengers Bangalore,Hyderabad,Sunrisers Hyderabad won by 15 Runs
28,01/05/2016,Gujarat Lions v Punjab Kings,"Khandheri, Rajkot",Punjab Kings won by 23 Runs
29,01/05/2016,Rising Pune Supergiant v Mumbai Indians,Pune,Mumbai Indians won by 8 Wickets
30,02/05/2016,Royal Challengers Bangalore v Kolkata Knight Riders,"Bengaluru, Bangalore",Kolkata Knight Riders won by 5 Wickets
31,03/05/2016,Gujarat Lions v Delhi Capitals,"Khandheri, Rajkot",Delhi Capitals won by 8 Wickets
32,04/05/2016,Kolkata Knight Riders v Punjab Kings,Kolkata,Kolkata Knight Riders won by 7 Runs
33,05/05/2016,Delhi Capitals v Rising Pune Supergiant,Delhi,Rising Pune Supergiant won by 7 Wickets
34,06/05/2016,Sunrisers Hyderabad v Gujarat Lions,Hyderabad,Sunrisers Hyderabad won by 5 Wickets
35,07/05/2016,Royal Challengers Bangalore v Rising Pune Supergiant,"Bengaluru, Bangalore",Royal Challengers Bangalore won by 7 Wickets
36,07/05/2016,Punjab Kings v Delhi Capitals,"Mohali, Chandigarh",Punjab Kings won by 9 Runs
37,08/05/2016,Mumbai Indians v Sunrisers Hyderabad,Visakhapatnam,Sunrisers Hyderabad won by 85 Runs
38,08/05/2016,Kolkata Knight Riders v Gujarat Lions,Kolkata,Gujarat Lions won by 5 Wickets
39,09/05/2016,Punjab Kings v Royal Challengers Bangalore,"Mohali, Chandigarh",Royal Challengers Bangalore won by 1 Run
40,10/05/2016,Rising Pune Supergiant v Sunrisers Hyderabad,Visakhapatnam,Sunrisers Hyderabad won by 4 Runs
41,11/05/2016,Royal Challengers Bangalore v Mumbai Indians,"Bengaluru, Bangalore",Mumbai Indians won by 6 Wickets
42,12/05/2016,Sunrisers Hyderabad v Delhi Capitals,Hyderabad,Delhi Capitals won by 7 Wickets
43,13/05/2016,Mumbai Indians v Punjab Kings,Visakhapatnam,Punjab Kings won by 7 Wickets
44,14/05/2016,Royal Challengers Bangalore v Gujarat Lions,"Bengaluru, Bangalore",Royal Challengers Bangalore won by 144 Runs
45,14/05/2016,Kolkata Knight Riders v Rising Pune Supergiant,Kolkata,Kolkata Knight Riders won by 8 Wickets [D/L]
46,15/05/2016,Punjab Kings v Sunrisers Hyderabad,"Mohali, Chandigarh",Sunrisers Hyderabad won by 7 Wickets
47,15/05/2016,Mumbai Indians v Delhi Capitals,Visakhapatnam,Mumbai Indians won by 80 Runs
48,16/05/2016,Kolkata Knight Riders v Royal Challengers Bangalore,Kolkata,Royal Challengers Bangalore won by 9 Wickets
49,17/05/2016,Rising Pune Supergiant v Delhi Capitals,Visakhapatnam,Rising Pune Supergiant won by 19 Runs [D/L]
50,18/05/2016,Royal Challengers Bangalore v Punjab Kings,"Bengaluru, Bangalore",Royal Challengers Bangalore won by 82 Runs [D/L]
51,19/05/2016,Gujarat Lions v Kolkata Knight Riders,Kanpur,Gujarat Lions won by 6 Wickets
52,20/05/2016,Delhi Capitals v Sunrisers Hyderabad,Raipur,Delhi Capitals won by 6 Wickets
53,21/05/2016,Rising Pune Supergiant v Punjab Kings,Visakhapatnam,Rising Pune Supergiant won by 4 Wickets
54,21/05/2016,Gujarat Lions v Mumbai Indians,Kanpur,Gujarat Lions won by 6 Wickets
55,22/05/2016,Kolkata Knight Riders v Sunrisers Hyderabad,Kolkata,Kolkata Knight Riders won by 22 Runs
56,22/05/2016,Delhi Capitals v Royal Challengers Bangalore,Raipur,Royal Challengers Bangalore won by 6 Wickets
1st Qualifying Final,24/05/2016,Royal Challengers Bangalore v Gujarat Lions,"Bengaluru, Bangalore",Royal Challengers Bangalore won by 4 Wickets
Elimination Final,25/05/2016,Sunrisers Hyderabad v Kolkata Knight Riders,Delhi,Sunrisers Hyderabad won by 22 Runs
Qualifying Final,27/05/2016,Gujarat Lions v Sunrisers Hyderabad,Delhi,Sunrisers Hyderabad won by 4 Wickets
Final,29/05/2016,Royal Challengers Bangalore v Sunrisers Hyderabad,"Bengaluru, Bangalore",Sunrisers Hyderabad won by 8 Runs
1,05/04/2017,Sunrisers Hyderabad v Royal Challengers Bangalore,Hyderabad,Sunrisers Hyderabad won by 35 Runs
2,06/04/2017,Rising Pune Supergiant v Mumbai Indians,Pune,Rising Pune Supergiant won by 7 Wickets
3,07/04/2017,Gujarat Lions v Kolkata Knight Riders,"Khandheri, Rajkot",Kolkata Knight Riders won by 10 Wickets
4,08/04/2017,Punjab Kings v Rising Pune Supergiant,Indore,Punjab Kings won by 6 Wickets
5,08/04/2017,Royal Challengers Bangalore v Delhi Capitals,"Bengaluru, Bangalore",Royal Challengers Bangalore won by 15 Runs
6,09/04/2017,Sunrisers Hyderabad v Gujarat Lions,Hyderabad,Sunrisers Hyderabad won by 9 Wickets
7,09/04/2017,Mumbai Indians v Kolkata Knight Riders,Mumbai,Mumbai Indians won by 4 Wickets
8,10/04/2017,Punjab Kings v Royal Challengers Bangalore,Indore,Punjab Kings won by 8 Wickets
9,11/04/2017,Rising Pune Supergiant v Delhi Capitals,Pune,Delhi Capitals won by 97 Runs
10,12/04/2017,Mumbai Indians v Sunrisers Hyderabad,Mumbai,Mumbai Indians won by 4 Wickets
11,13/04/2017,Kolkata Knight Riders v Punjab Kings,Cuttack,Kolkata Knight Riders won by 8 Wickets
12,14/04/2017,Royal Challengers Bangalore v Mumbai Indians,"Bengaluru, Bangalore",Mumbai Indians won by 4 Wickets
13,14/04/2017,Gujarat Lions v Rising Pune Supergiant,"Khandheri, Rajkot",Gujarat Lions won by 7 Wickets
14,15/04/2017,Kolkata Knight Riders v Sunrisers Hyderabad,Kolkata,Kolkata Knight Riders won by 17 Runs
15,15/04/2017,Delhi Capitals v Punjab Kings,Delhi,Delhi Capitals won by 51 Runs
16,16/04/2017,Mumbai Indians v Gujarat Lions,Mumbai,Mumbai Indians won by 6 Wickets
17,16/04/2017,Royal Challengers Bangalore v Rising Pune Supergiant,"Bengaluru, Bangalore",Rising Pune Supergiant won by 27 Runs
18,17/04/2017,Delhi Capitals v Kolkata Knight Riders,Delhi,Kolkata Knight Riders won by 4 Wickets
19,17/04/2017,Sunrisers Hyderabad v Punjab Kings,Hyderabad,Sunrisers Hyderabad won by 5 Runs
20,18/04/2017,Gujarat Lions v Royal Challengers Bangalore,"Khandheri, Rajkot",Royal Challengers Bangalore won by 21 Runs
21,19/04/2017,Sunrisers Hyderabad v Delhi Capitals,Hyderabad,Sunrisers Hyderabad won by 15 Runs
22,20/04/2017,Punjab Kings v Mumbai Indians,Indore,Mumbai Indians won by 8 Wickets
23,21/04/2017,Kolkata Knight Riders v Gujarat Lions,Kolkata,Gujarat Lions won by 4 Wickets
24,22/04/2017,Sunrisers Hyderabad v Rising Pune Supergiant,Pune,Rising Pune Supergiant won by 6 Wickets
25,22/04/2017,Mumbai Indians v Delhi Capitals,Mumbai,Mumbai Indians won by 14 Runs
26,22/04/2017,Punjab Kings v Gujarat Lions,"Khandheri, Rajkot",Punjab Kings won by 26 Runs
27,23/04/2017,Kolkata Knight Riders v Royal Challengers Bangalore,Kolkata,Kolkata Knight Riders won by 82 Runs
28,24/04/2017,Mumbai Indians v Rising Pune Supergiant,Mumbai,Rising Pune Supergiant won by 3 Runs
29,25/04/2017,Royal Challengers Bangalore v Sunrisers Hyderabad,"Bengaluru, Bangalore",Match abandoned
30,26/04/2017,Rising Pune Supergiant v Kolkata Knight Riders,Pune,Kolkata Knight Riders won by 7 Wickets
31,27/04/2017,Royal Challengers Bangalore v Gujarat Lions,"Bengaluru, Bangalore",Gujarat Lions won by 7 Wickets
32,28/04/2017,Kolkata Knight Riders v Delhi Capitals,Kolkata,Kolkata Knight Riders won by 7 Wickets
33,28/04/2017,Punjab Kings v Sunrisers Hyderabad,"Mohali, Chandigarh",Sunrisers Hyderabad won by 26 Runs
34,29/04/2017,Rising Pune Supergiant v Royal Challengers Bangalore,Pune,Rising Pune Supergiant won by 61 Runs
35,29/04/2017,Gujarat Lions v Mumbai Indians,"Khandheri, Rajkot",Match tied (Mumbai Indians won eliminator)
36,30/04/2017,Punjab Kings v Delhi Capitals,"Mohali, Chandigarh",Punjab Kings won by 10 Wickets
37,30/04/2017,Sunrisers Hyderabad v Kolkata Knight Riders,Hyderabad,Sunrisers Hyderabad won by 48 Runs
38,01/05/2017,Mumbai Indians v Royal Challengers Bangalore,Mumbai,Mumbai Indians won by 5 Wickets
39,01/05/2017,Rising Pune Supergiant v Gujarat Lions,Pune,Rising Pune Supergiant won by 5 Wickets
40,02/05/2017,Delhi Capitals v Sunrisers Hyderabad,Delhi,Delhi Capitals won by 6 Wickets
41,03/05/2017,Kolkata Knight Riders v Rising Pune Supergiant,Kolkata,Rising Pune Supergiant won by 4 Wickets
42,04/05/2017,Delhi Capitals v Gujarat Lions,Delhi,Delhi Capitals won by 7 Wickets
43,05/05/2017,Royal Challengers Bangalore v Punjab Kings,"Bengaluru, Bangalore",Punjab Kings won by 19 Runs
44,06/05/2017,Sunrisers Hyderabad v Rising Pune Supergiant,Hyderabad,Rising Pune Supergiant won by 12 Runs
45,06/05/2017,Delhi Capitals v Mumbai Indians,Cuttack,Mumbai Indians won by 146 Runs
46,07/05/2017,Royal Challengers Bangalore v Kolkata Knight Riders,"Bengaluru, Bangalore",Kolkata Knight Riders won by 6 Wickets
47,07/05/2017,Punjab Kings v Gujarat Lions,"Mohali, Chandigarh",Gujarat Lions won by 6 Wickets
48,08/05/2017,Sunrisers Hyderabad v Mumbai Indians,Hyderabad,Sunrisers Hyderabad won by 7 Wickets
49,09/05/2017,Punjab Kings v Kolkata Knight Riders,"Mohali, Chandigarh",Punjab Kings won by 14 Runs
50,10/05/2017,Gujarat Lions v Delhi Capitals,Kanpur,Delhi Capitals won by 2 Wickets
51,11/05/2017,Mumbai Indians v Punjab Kings,Mumbai,Punjab Kings won by 7 Runs
52,12/05/2017,Delhi Capitals v Rising Pune Supergiant,Delhi,Delhi Capitals won by 7 Runs
53,13/05/2017,Gujarat Lions v Sunrisers Hyderabad,Kanpur,Sunrisers Hyderabad won by 8 Wickets
54,13/05/2017,Kolkata Knight Riders v Mumbai Indians,Kolkata,Mumbai Indians won by 9 Runs
55,14/05/2017,Rising Pune Supergiant v Punjab Kings,Pune,Rising Pune Supergiant won by 9 Wickets
56,14/05/2017,Delhi Capitals v Royal Challengers Bangalore,Delhi,Royal Challengers Bangalore won by 10 Runs
1st Qualifying Final,16/05/2017,Mumbai Indians v Rising Pune Supergiant,Mumbai,Rising Pune Supergiant won by 20 Runs
Elimination Final,17/05/2017,Sunrisers Hyderabad v Kolkata Knight Riders,"Bengaluru, Bangalore",Kolkata Knight Riders won by 7 Wickets [D/L]
2nd Qualifying Final,19/05/2017,Mumbai Indians v Kolkata Knight Riders,"Bengaluru, Bangalore",Mumbai Indians won by 6 Wickets
Final,21/05/2017,Mumbai Indians v Rising Pune Supergiant,Hyderabad,Mumbai Indians won by 1 Run
1,07/04/2018,Mumbai Indians v Chennai Super Kings,Mumbai,Chennai Super Kings won by 1 Wicket
2,08/04/2018,Punjab Kings v Delhi Capitals,"Mohali, Chandigarh",Punjab Kings won by 6 Wickets
3,08/04/2018,Kolkata Knight Riders v Royal Challengers Bangalore,Kolkata,Kolkata Knight Riders won by 4 Wickets
4,09/04/2018,Sunrisers Hyderabad v Rajasthan Royals,Hyderabad,Sunrisers Hyderabad won by 9 Wickets
5,10/04/2018,Chennai Super Kings v Kolkata Knight Riders,Chennai,Chennai Super Kings won by 5 Wickets
6,11/04/2018,Rajasthan Royals v Delhi Capitals,Jaipur,Rajasthan Royals won by 10 Runs [D/L]
7,12/04/2018,Mumbai Indians v Sunrisers Hyderabad,Hyderabad,Sunrisers Hyderabad won by 1 Wicket
8,13/04/2018,Punjab Kings v Royal Challengers Bangalore,"Bengaluru, Bangalore",Royal Challengers Bangalore won by 4 Wickets
10,14/04/2018,Kolkata Knight Riders v Sunrisers Hyderabad,Kolkata,Sunrisers Hyderabad won by 5 Wickets
9,14/04/2018,Mumbai Indians v Delhi Capitals,Mumbai,Delhi Capitals won by 7 Wickets
11,15/04/2018,Royal Challengers Bangalore v Rajasthan Royals,"Bengaluru, Bangalore",Rajasthan Royals won by 19 Runs
12,15/04/2018,Punjab Kings v Chennai Super Kings,"Mohali, Chandigarh",Punjab Kings won by 4 Runs
13,16/04/2018,Kolkata Knight Riders v Delhi Capitals,Kolkata,Kolkata Knight Riders won by 71 Runs
14,17/04/2018,Mumbai Indians v Royal Challengers Bangalore,Mumbai,Mumbai Indians won by 46 Runs
15,18/04/2018,Rajasthan Royals v Kolkata Knight Riders,Jaipur,Kolkata Knight Riders won by 7 Wickets
16,19/04/2018,Punjab Kings v Sunrisers Hyderabad,"Mohali, Chandigarh",Punjab Kings won by 15 Runs
17,20/04/2018,Rajasthan Royals v Chennai Super Kings,Pune,Chennai Super Kings won by 64 Runs
18,21/04/2018,Kolkata Knight Riders v Punjab Kings,Kolkata,Punjab Kings won by 9 Wickets [D/L]
19,21/04/2018,Royal Challengers Bangalore v Delhi Capitals,"Bengaluru, Bangalore",Royal Challengers Bangalore won by 6 Wickets
20,22/04/2018,Sunrisers Hyderabad v Chennai Super Kings,Hyderabad,Chennai Super Kings won by 4 Runs
21,22/04/2018,Rajasthan Royals v Mumbai Indians,Jaipur,Rajasthan Royals won by 3 Wickets
22,23/04/2018,Delhi Capitals v Punjab Kings,Delhi,Punjab Kings won by 4 Runs
23,24/04/2018,Mumbai Indians v Sunrisers Hyderabad,Mumbai,Sunrisers Hyderabad won by 31 Runs
24,25/04/2018,Royal Challengers Bangalore v Chennai Super Kings,"Bengaluru, Bangalore",Chennai Super Kings won by 5 Wickets
25,26/04/2018,Sunrisers Hyderabad v Punjab Kings,Hyderabad,Sunrisers Hyderabad won by 13 Runs
26,27/04/2018,Delhi Capitals v Kolkata Knight Riders,Delhi,Delhi Capitals won by 55 Runs
27,28/04/2018,Chennai Super Kings v Mumbai Indians,Pune,Mumbai Indians won by 8 Wickets
28,29/04/2018,Rajasthan Royals v Sunrisers Hyderabad,Jaipur,Sunrisers Hyderabad won by 11 Runs
29,29/04/2018,Royal Challengers Bangalore v Kolkata Knight Riders,"Bengaluru, Bangalore",Kolkata Knight Riders won by 6 Wickets
30,30/04/2018,Chennai Super Kings v Delhi Capitals,Pune,Chennai Super Kings won by 13 Runs
31,01/05/2018,Royal Challengers Bangalore v Mumbai Indians,"Bengaluru, Bangalore",Royal Challengers Bangalore won by 14 Runs
32,02/05/2018,Delhi Capitals v Rajasthan Royals,Delhi,Delhi Capitals won by 4 Runs [D/L]
33,03/05/2018,Kolkata Knight Riders v Chennai Super Kings,Kolkata,Kolkata Knight Riders won by 6 Wickets
34,04/05/2018,Punjab Kings v Mumbai Indians,Indore,Mumbai Indians won by 6 Wickets
35,05/05/2018,Chennai Super Kings v Royal Challengers Bangalore,Pune,Chennai Super Kings won by 6 Wickets
36,05/05/2018,Sunrisers Hyderabad v Delhi Capitals,Hyderabad,Sunrisers Hyderabad won by 7 Wickets
37,06/05/2018,Mumbai Indians v Kolkata Knight Riders,Mumbai,Mumbai Indians won by 13 Runs
38,06/05/2018,Punjab Kings v Rajasthan Royals,Indore,Punjab Kings won by 6 Wickets
39,07/05/2018,Sunrisers Hyderabad v Royal Challengers Bangalore,Hyderabad,Sunrisers Hyderabad won by 5 Runs
40,08/05/2018,Rajasthan Royals v Punjab Kings,Jaipur,Rajasthan Royals won by 15 Runs
41,09/05/2018,Kolkata Knight Riders v Mumbai Indians,Kolkata,Mumbai Indians won by 102 Runs
42,10/05/2018,Delhi Capitals v Sunrisers Hyderabad,Delhi,Sunrisers Hyderabad won by 9 Wickets
43,11/05/2018,Rajasthan Royals v Chennai Super Kings,Jaipur,Rajasthan Royals won by 4 Wickets
44,12/05/2018,Punjab Kings v Kolkata Knight Riders,Indore,Kolkata Knight Riders won by 31 Runs
45,12/05/2018,Delhi Capitals v Royal Challengers Bangalore,Delhi,Royal Challengers Bangalore won by 5 Wickets
46,13/05/2018,Chennai Super Kings v Sunrisers Hyderabad,Pune,Chennai Super Kings won by 8 Wickets
47,13/05/2018,Mumbai Indians v Rajasthan Royals,Mumbai,Rajasthan Royals won by 7 Wickets
48,14/05/2018,Punjab Kings v Royal Challengers Bangalore,Indore,Royal Challengers Bangalore won by 10 Wickets
49,15/05/2018,Kolkata Knight Riders v Rajasthan Royals,Kolkata,Kolkata Knight Riders won by 6 Wickets
50,16/05/2018,Mumbai Indians v Punjab Kings,Mumbai,Mumbai Indians won by 3 Runs
51,17/05/2018,Royal Challengers Bangalore v Sunrisers Hyderabad,"Bengaluru, Bangalore",Royal Challengers Bangalore won by 14 Runs
52,18/05/2018,Delhi Capitals v Chennai Super Kings,Delhi,Delhi Capitals won by 34 Runs
53,19/05/2018,Rajasthan Royals v Royal Challengers Bangalore,Jaipur,Rajasthan Royals won by 30 Runs
54,19/05/2018,Sunrisers Hyderabad v Kolkata Knight Riders,Hyderabad,Kolkata Knight Riders won by 5 Wickets
55,20/05/2018,Delhi Capitals v Mumbai Indians,Delhi,Delhi Capitals won by 11 Runs
56,20/05/2018,Chennai Super Kings v Punjab Kings,Pune,Chennai Super Kings won by 5 Wickets
1st Qualifying Final,22/05/2018,Chennai Super Kings v Sunrisers Hyderabad,Mumbai,Chennai Super Kings won by 2 Wickets
1st Elimination Final,23/05/2018,Kolkata Knight Riders v Rajasthan Royals,Kolkata,Kolkata Knight Riders won by 25 Runs
2nd Qualifying Final,25/05/2018,Kolkata Knight Riders v Sunrisers Hyderabad,Kolkata,Sunrisers Hyderabad won by 14 Runs
Final,27/05/2018,Chennai Super Kings v Sunrisers Hyderabad,Mumbai,Chennai Super Kings won by 8 Wickets
1,23/03/2019,Chennai Super Kings v Royal Challengers Bangalore,Chennai,Chennai Super Kings won by 7 Wickets
2,24/03/2019,Kolkata Knight Riders v Sunrisers Hyderabad,Kolkata,Kolkata Knight Riders won by 6 Wickets
3,24/03/2019,Mumbai Indians v Delhi Capitals,Mumbai,Delhi Capitals won by 37 Runs
4,25/03/2019,Rajasthan Royals v Punjab Kings,Jaipur,Punjab Kings won by 14 Runs
5,26/03/2019,Delhi Capitals v Chennai Super Kings,Delhi,Chennai Super Kings won by 6 Wickets
6,27/03/2019,Kolkata Knight Riders v Punjab Kings,Kolkata,Kolkata Knight Riders won by 28 Runs
7,28/03/2019,Royal Challengers Bangalore v Mumbai Indians,"Bengaluru, Bangalore",Mumbai Indians won by 6 Runs
8,29/03/2019,Sunrisers Hyderabad v Rajasthan Royals,Hyderabad,Sunrisers Hyderabad won by 5 Wickets
10,30/03/2019,Delhi Capitals v Kolkata Knight Riders,Delhi,Match tied (Delhi Capitals won eliminator)
9,30/03/2019,Punjab Kings v Mumbai Indians,"Mohali, Chandigarh",Punjab Kings won by 8 Wickets
11,31/03/2019,Sunrisers Hyderabad v Royal Challengers Bangalore,Hyderabad,Sunrisers Hyderabad won by 118 Runs
12,31/03/2019,Chennai Super Kings v Rajasthan Royals,Chennai,Chennai Super Kings won by 8 Runs
13,01/04/2019,Punjab Kings v Delhi Capitals,"Mohali, Chandigarh",Punjab Kings won by 14 Runs
14,02/04/2019,Rajasthan Royals v Royal Challengers Bangalore,Jaipur,Rajasthan Royals won by 7 Wickets
15,03/04/2019,Mumbai Indians v Chennai Super Kings,Mumbai,Mumbai Indians won by 37 Runs
16,04/04/2019,Delhi Capitals v Sunrisers Hyderabad,Delhi,Sunrisers Hyderabad won by 5 Wickets
17,05/04/2019,Royal Challengers Bangalore v Kolkata Knight Riders,"Bengaluru, Bangalore",Kolkata Knight Riders won by 5 Wickets
18,06/04/2019,Chennai Super Kings v Punjab Kings,Chennai,Chennai Super Kings won by 22 Runs
19,06/04/2019,Sunrisers Hyderabad v Mumbai Indians,Hyderabad,Mumbai Indians won by 40 Runs
20,07/04/2019,Royal Challengers Bangalore v Delhi Capitals,"Bengaluru, Bangalore",Delhi Capitals won by 4 Wickets
21,07/04/2019,Rajasthan Royals v Kolkata Knight Riders,Jaipur,Kolkata Knight Riders won by 8 Wickets
22,08/04/2019,Punjab Kings v Sunrisers Hyderabad,"Mohali, Chandigarh",Punjab Kings won by 6 Wickets
23,09/04/2019,Chennai Super Kings v Kolkata Knight Riders,Chennai,Chennai Super Kings won by 7 Wickets
24,10/04/2019,Mumbai Indians v Punjab Kings,Mumbai,Mumbai Indians won by 3 Wickets
25,11/04/2019,Rajasthan Royals v Chennai Super Kings,Jaipur,Chennai Super Kings won by 4 Wickets
26,12/04/2019,Kolkata Knight Riders v Delhi Capitals,Kolkata,Delhi Capitals won by 7 Wickets
27,13/04/2019,Mumbai Indians v Rajasthan Royals,Mumbai,Rajasthan Royals won by 4 Wickets
28,13/04/2019,Punjab Kings v Royal Challengers Bangalore,"Mohali, Chandigarh",Royal Challengers Bangalore won by 8 Wickets
29,14/04/2019,Kolkata Knight Riders v Chennai Super Kings,Kolkata,Chennai Super Kings won by 5 Wickets
30,14/04/2019,Sunrisers Hyderabad v Delhi Capitals,Hyderabad,Delhi Capitals won by 39 Runs
31,15/04/2019,Mumbai Indians v Royal Challengers Bangalore,Mumbai,Mumbai Indians won by 5 Wickets
32,16/04/2019,Punjab Kings v Rajasthan Royals,"Mohali, Chandigarh",Punjab Kings won by 12 Runs
33,17/04/2019,Sunrisers Hyderabad v Chennai Super Kings,Hyderabad,Sunrisers Hyderabad won by 6 Wickets
34,18/04/2019,Delhi Capitals v Mumbai Indians,Delhi,Mumbai Indians won by 40 Runs
35,19/04/2019,Kolkata Knight Riders v Royal Challengers Bangalore,Kolkata,Royal Challengers Bangalore won by 10 Runs
36,20/04/2019,Rajasthan Royals v Mumbai Indians,Jaipur,Rajasthan Royals won by 5 Wickets
37,20/04/2019,Delhi Capitals v Punjab Kings,Delhi,Delhi Capitals won by 5 Wickets
38,21/04/2019,Sunrisers Hyderabad v Kolkata Knight Riders,Hyderabad,Sunrisers Hyderabad won by 9 Wickets
39,21/04/2019,Royal Challengers Bangalore v Chennai Super Kings,"Bengaluru, Bangalore",Royal Challengers Bangalore won by 1 Run
40,22/04/2019,Rajasthan Royals v Delhi Capitals,Jaipur,Delhi Capitals won by 6 Wickets
41,23/04/2019,Chennai Super Kings v Sunrisers Hyderabad,Chennai,Chennai Super Kings won by 6 Wickets
42,24/04/2019,Royal Challengers Bangalore v Punjab Kings,"Bengaluru, Bangalore",Royal Challengers Bangalore won by 17 Runs
43,25/04/2019,Kolkata Knight Riders v Rajasthan Royals,Kolkata,Rajasthan Royals won by 3 Wickets
44,26/04/2019,Chennai Super Kings v Mumbai Indians,Chennai,Mumbai Indians won by 46 Runs
45,27/04/2019,Rajasthan Royals v Sunrisers Hyderabad,Jaipur,Rajasthan Royals won by 7 Wickets
46,28/04/2019,Delhi Capitals v Royal Challengers Bangalore,Delhi,Delhi Capitals won by 16 Runs
47,28/04/2019,Kolkata Knight Riders v Mumbai Indians,Kolkata,Kolkata Knight Riders won by 34 Runs
48,29/04/2019,Sunrisers Hyderabad v Punjab Kings,Hyderabad,Sunrisers Hyderabad won by 45 Runs
49,30/04/2019,Royal Challengers Bangalore v Rajasthan Royals,"Bengaluru, Bangalore",No result
50,01/05/2019,Chennai Super Kings v Delhi Capitals,Chennai,Chennai Super Kings won by 80 Runs
51,02/05/2019,Mumbai Indians v Sunrisers Hyderabad,Mumbai,Match tied (Mumbai Indians won eliminator)
52,03/05/2019,Punjab Kings v Kolkata Knight Riders,"Mohali, Chandigarh",Kolkata Knight Riders won by 7 Wickets
53,04/05/2019,Delhi Capitals v Rajasthan Royals,Delhi,Delhi Capitals won by 5 Wickets
54,04/05/2019,Royal Challengers Bangalore v Sunrisers Hyderabad,"Bengaluru, Bangalore",Royal Challengers Bangalore won by 4 Wickets
55,05/05/2019,Punjab Kings v Chennai Super Kings,"Mohali, Chandigarh",Punjab Kings won by 6 Wickets
56,05/05/2019,Mumbai Indians v Kolkata Knight Riders,Mumbai,Mumbai Indians won by 9 Wickets
1st Qualifying Final,07/05/2019,Chennai Super Kings v Mumbai Indians,Chennai,Mumbai Indians won by 6 Wickets
Elimination Final,08/05/2019,Delhi Capitals v Sunrisers Hyderabad,Visakhapatnam,Delhi Capitals won by 2 Wickets
2nd Qualifying Final,10/05/2019,Chennai Super Kings v Delhi Capitals,Visakhapatnam,Chennai Super Kings won by 6 Wickets
Final,12/05/2019,Chennai Super Kings v Mumbai Indians,Hyderabad,Mumbai Indians won by 1 Run
1,19/09/2020,Chennai Super Kings v Mumbai Indians,Abu Dhabi,Chennai Super Kings won by 5 Wickets
2,20/09/2020,Delhi Capitals v Punjab Kings,Dubai,Match tied (Delhi Capitals won eliminator)
3,21/09/2020,Royal Challengers Bangalore v Sunrisers Hyderabad,Dubai,Royal Challengers Bangalore won by 10 Runs
4,22/09/2020,Chennai Super Kings v Rajasthan Royals,Sharjah,Rajasthan Royals won by 16 Runs
5,23/09/2020,Kolkata Knight Riders v Mumbai Indians,Abu Dhabi,Mumbai Indians won by 49 Runs
6,24/09/2020,Punjab Kings v Royal Challengers Bangalore,Dubai,Punjab Kings won by 97 Runs
7,25/09/2020,Chennai Super Kings v Delhi Capitals,Dubai,Delhi Capitals won by 44 Runs
8,26/09/2020,Kolkata Knight Riders v Sunrisers Hyderabad,Abu Dhabi,Kolkata Knight Riders won by 7 Wickets
9,27/09/2020,Punjab Kings v Rajasthan Royals,Sharjah,Rajasthan Royals won by 4 Wickets
10,28/09/2020,Mumbai Indians v Royal Challengers Bangalore,Dubai,Match tied (Royal Challengers Bangalore won eliminator)
11,29/09/2020,Delhi Capitals v Sunrisers Hyderabad,Abu Dhabi,Sunrisers Hyderabad won by 15 Runs
12,30/09/2020,Kolkata Knight Riders v Rajasthan Royals,Dubai,Kolkata Knight Riders won by 37 Runs
13,01/10/2020,Punjab Kings v Mumbai Indians,Abu Dhabi,Mumbai Indians won by 48 Runs
14,02/10/2020,Chennai Super Kings v Sunrisers Hyderabad,Dubai,Sunrisers Hyderabad won by 7 Runs
15,03/10/2020,Royal Challengers Bangalore v Rajasthan Royals,Abu Dhabi,Royal Challengers Bangalore won by 8 Wickets
16,03/10/2020,Delhi Capitals v Kolkata Knight Riders,Sharjah,Delhi Capitals won by 18 Runs
17,04/10/2020,Mumbai Indians v Sunrisers Hyderabad,Sharjah,Mumbai Indians won by 34 Runs
18,04/10/2020,Chennai Super Kings v Punjab Kings,Dubai,Chennai Super Kings won by 10 Wickets
19,05/10/2020,Delhi Capitals v Royal Challengers Bangalore,Dubai,Delhi Capitals won by 59 Runs
20,06/10/2020,Mumbai Indians v Rajasthan Royals,Abu Dhabi,Mumbai Indians won by 57 Runs
21,07/10/2020,Chennai Super Kings v Kolkata Knight Riders,Abu Dhabi,Kolkata Knight Riders won by 10 Runs
22,08/10/2020,Punjab Kings v Sunrisers Hyderabad,Dubai,Sunrisers Hyderabad won by 69 Runs
23,09/10/2020,Delhi Capitals v Rajasthan Royals,Sharjah,Delhi Capitals won by 46 Runs
24,10/10/2020,Kolkata Knight Riders v Punjab Kings,Abu Dhabi,Kolkata Knight Riders won by 2 Runs
25,10/10/2020,Chennai Super Kings v Royal Challengers Bangalore,Dubai,Royal Challengers Bangalore won by 37 Runs
26,11/10/2020,Rajasthan Royals v Sunrisers Hyderabad,Dubai,Rajasthan Royals won by 5 Wickets
27,11/10/2020,Delhi Capitals v Mumbai Indians,Abu Dhabi,Mumbai Indians won by 5 Wickets
28,12/10/2020,Kolkata Knight Riders v Royal Challengers Bangalore,Sharjah,Royal Challengers Bangalore won by 82 Runs
29,13/10/2020,Chennai Super Kings v Sunrisers Hyderabad,Dubai,Chennai Super Kings won by 20 Runs
30,14/10/2020,Delhi Capitals v Rajasthan Royals,Dubai,Delhi Capitals won by 13 Runs
31,15/10/2020,Punjab Kings v Royal Challengers Bangalore,Sharjah,Punjab Kings won by 8 Wickets
32,16/10/2020,Kolkata Knight Riders v Mumbai Indians,Abu Dhabi,Mumbai Indians won by 8 Wickets
33,17/10/2020,Royal Challengers Bangalore v Rajasthan Royals,Dubai,Royal Challengers Bangalore won by 7 Wickets
34,17/10/2020,Chennai Super Kings v Delhi Capitals,Sharjah,Delhi Capitals won by 5 Wickets
35,18/10/2020,Kolkata Knight Riders v Sunrisers Hyderabad,Abu Dhabi,Match tied (Kolkata Knight Riders won eliminator)
36,18/10/2020,Punjab Kings v Mumbai Indians,Dubai,Match tied (Punjab Kings won eliminator)
37,19/10/2020,Chennai Super Kings v Rajasthan Royals,Abu Dhabi,Rajasthan Royals won by 7 Wickets
38,20/10/2020,Delhi Capitals v Punjab Kings,Dubai,Punjab Kings won by 5 Wickets
39,21/10/2020,Kolkata Knight Riders v Royal Challengers Bangalore,Abu Dhabi,Royal Challengers Bangalore won by 8 Wickets
40,22/10/2020,Rajasthan Royals v Sunrisers Hyderabad,Dubai,Sunrisers Hyderabad won by 8 Wickets
41,23/10/2020,Chennai Super Kings v Mumbai Indians,Sharjah,Mumbai Indians won by 10 Wickets
42,24/10/2020,Delhi Capitals v Kolkata Knight Riders,Abu Dhabi,Kolkata Knight Riders won by 59 Runs
43,24/10/2020,Punjab Kings v Sunrisers Hyderabad,Dubai,Punjab Kings won by 12 Runs
44,25/10/2020,Chennai Super Kings v Royal Challengers Bangalore,Dubai,Chennai Super Kings won by 8 Wickets
45,25/10/2020,Mumbai Indians v Rajasthan Royals,Abu Dhabi,Rajasthan Royals won by 8 Wickets
46,26/10/2020,Kolkata Knight Riders v Punjab Kings,Sharjah,Punjab Kings won by 8 Wickets
47,27/10/2020,Delhi Capitals v Sunrisers Hyderabad,Dubai,Sunrisers Hyderabad won by 88 Runs
48,28/10/2020,Mumbai Indians v Royal Challengers Bangalore,Abu Dhabi,Mumbai Indians won by 5 Wickets
49,29/10/2020,Chennai Super Kings v Kolkata Knight Riders,Dubai,Chennai Super Kings won by 6 Wickets
50,30/10/2020,Punjab Kings v Rajasthan Royals,Abu Dhabi,Rajasthan Royals won by 7 Wickets
51,31/10/2020,Delhi Capitals v Mumbai Indians,Dubai,Mumbai Indians won by 9 Wickets
52,31/10/2020,Royal Challengers Bangalore v Sunrisers Hyderabad,Sharjah,Sunrisers Hyderabad won by 5 Wickets
53,01/11/2020,Chennai Super Kings v Punjab Kings,Abu Dhabi,Chennai Super Kings won by 9 Wickets
54,01/11/2020,Kolkata Knight Riders v Rajasthan Royals,Dubai,Kolkata Knight Riders won by 60 Runs
55,02/11/2020,Delhi Capitals v Royal Challengers Bangalore,Abu Dhabi,Delhi Capitals won by 6 Wickets
56,03/11/2020,Mumbai Indians v Sunrisers Hyderabad,Sharjah,Sunrisers Hyderabad won by 10 Wickets
1st Qualifying Final,05/11/2020,Delhi Capitals v Mumbai Indians,Dubai,Mumbai Indians won by 57 Runs
Elimination Final,06/11/2020,Royal Challengers Bangalore v Sunrisers Hyderabad,Abu Dhabi,Sunrisers Hyderabad won by 6 Wickets
2nd Qualifying Final,08/11/2020,Delhi Capitals v Sunrisers Hyderabad,Abu Dhabi,Delhi Capitals won by 17 Runs
Final,10/11/2020,Delhi Capitals v Mumbai Indians,Dubai,Mumbai Indians won by 5 Wickets
1,09/04/2021,Mumbai Indians v Royal Challengers Bangalore,Chennai,Royal Challengers Bangalore won by 2 Wickets
2,10/04/2021,Chennai Super Kings v Delhi Capitals,Mumbai,Delhi Capitals won by 7 Wickets
3,11/04/2021,Kolkata Knight Riders v Sunrisers Hyderabad,Chennai,Kolkata Knight Riders won by 10 Runs
4,12/04/2021,Punjab Kings v Rajasthan Royals,Mumbai,Punjab Kings won by 4 Runs
5,13/04/2021,Kolkata Knight Riders v Mumbai Indians,Chennai,Mumbai Indians won by 10 Runs
6,14/04/2021,Royal Challengers Bangalore v Sunrisers Hyderabad,Chennai,Royal Challengers Bangalore won by 6 Runs
7,15/04/2021,Delhi Capitals v Rajasthan Royals,Mumbai,Rajasthan Royals won by 3 Wickets
8,16/04/2021,Chennai Super Kings v Punjab Kings,Mumbai,Chennai Super Kings won by 6 Wickets
9,17/04/2021,Mumbai Indians v Sunrisers Hyderabad,Chennai,Mumbai Indians won by 13 Runs
10,18/04/2021,Kolkata Knight Riders v Royal Challengers Bangalore,Chennai,Royal Challengers Bangalore won by 38 Runs
11,18/04/2021,Delhi Capitals v Punjab Kings,Mumbai,Delhi Capitals won by 6 Wickets
12,19/04/2021,Chennai Super Kings v Rajasthan Royals,Mumbai,Chennai Super Kings won by 45 Runs
13,20/04/2021,Delhi Capitals v Mumbai Indians,Chennai,Delhi Capitals won by 6 Wickets
14,21/04/2021,Punjab Kings v Sunrisers Hyderabad,Chennai,Sunrisers Hyderabad won by 9 Wickets
15,21/04/2021,Chennai Super Kings v Kolkata Knight Riders,Mumbai,Chennai Super Kings won by 18 Runs
16,22/04/2021,Rajasthan Royals v Royal Challengers Bangalore,Mumbai,Royal Challengers Bangalore won by 10 Wickets
17,23/04/2021,Mumbai Indians v Punjab Kings,Chennai,Punjab Kings won by 9 Wickets
18,24/04/2021,Kolkata Knight Riders v Rajasthan Royals,Mumbai,Rajasthan Royals won by 6 Wickets
19,25/04/2021,Chennai Super Kings v Royal Challengers Bangalore,Mumbai,Chennai Super Kings won by 69 Runs
20,25/04/2021,Delhi Capitals v Sunrisers Hyderabad,Chennai,Match tied (Delhi Capitals won eliminator)
21,26/04/2021,Kolkata Knight Riders v Punjab Kings,Ahmedabad,Kolkata Knight Riders won by 5 Wickets
22,27/04/2021,Delhi Capitals v Royal Challengers Bangalore,Ahmedabad,Royal Challengers Bangalore won by 1 Run
23,28/04/2021,Chennai Super Kings v Sunrisers Hyderabad,Delhi,Chennai Super Kings won by 7 Wickets
24,29/04/2021,Mumbai Indians v Rajasthan Royals,Delhi,Mumbai Indians won by 7 Wickets
25,29/04/2021,Delhi Capitals v Kolkata Knight Riders,Ahmedabad,Delhi Capitals won by 7 Wickets
26,30/04/2021,Punjab Kings v Royal Challengers Bangalore,Ahmedabad,Punjab Kings won by 34 Runs
27,01/05/2021,Chennai Super Kings v Mumbai Indians,Delhi,Mumbai Indians won by 4 Wickets
28,02/05/2021,Rajasthan Royals v Sunrisers Hyderabad,Delhi,Rajasthan Royals won by 55 Runs
29,02/05/2021,Delhi Capitals v Punjab Kings,Ahmedabad,Delhi Capitals won by 7 Wickets
30,19/09/2021,Chennai Super Kings v Mumbai Indians,Dubai,Chennai Super Kings won by 20 Runs
31,20/09/2021,Kolkata Knight Riders v Royal Challengers Bangalore,Abu Dhabi,Kolkata Knight Riders won by 9 Wickets
32,21/09/2021,Punjab Kings v Rajasthan Royals,Dubai,Rajasthan Royals won by 2 Runs
33,22/09/2021,Delhi Capitals v Sunrisers Hyderabad,Dubai,Delhi Capitals won by 8 Wickets
34,23/09/2021,Kolkata Knight Riders v Mumbai Indians,Abu Dhabi,Kolkata Knight Riders won by 7 Wickets
35,24/09/2021,Chennai Super Kings v Royal Challengers Bangalore,Sharjah,Chennai Super Kings won by 6 Wickets
36,25/09/2021,Delhi Capitals v Rajasthan Royals,Abu Dhabi,Delhi Capitals won by 33 Runs
37,25/09/2021,Punjab Kings v Sunrisers Hyderabad,Sharjah,Punjab Kings won by 5 Runs
38,26/09/2021,Chennai Super Kings v Kolkata Knight Riders,Abu Dhabi,Chennai Super Kings won by 2 Wickets
39,26/09/2021,Mumbai Indians v Royal Challengers Bangalore,Dubai,Royal Challengers Bangalore won by 54 Runs
40,27/09/2021,Rajasthan Royals v Sunrisers Hyderabad,Dubai,Sunrisers Hyderabad won by 7 Wickets
41,28/09/2021,Delhi Capitals v Kolkata Knight Riders,Sharjah,Kolkata Knight Riders won by 3 Wickets
42,28/09/2021,Mumbai Indians v Punjab Kings,Abu Dhabi,Mumbai Indians won by 6 Wickets
43,29/09/2021,Rajasthan Royals v Royal Challengers Bangalore,Dubai,Royal Challengers Bangalore won by 7 Wickets
44,30/09/2021,Chennai Super Kings v Sunrisers Hyderabad,Sharjah,Chennai Super Kings won by 6 Wickets
45,01/10/2021,Kolkata Knight Riders v Punjab Kings,Dubai,Punjab Kings won by 5 Wickets
46,02/10/2021,Delhi Capitals v Mumbai Indians,Sharjah,Delhi Capitals won by 4 Wickets
47,02/10/2021,Chennai Super Kings v Rajasthan Royals,Abu Dhabi,Rajasthan Royals won by 7 Wickets
48,03/10/2021,Punjab Kings v Royal Challengers Bangalore,Sharjah,Royal Challengers Bangalore won by 6 Runs
49,03/10/2021,Kolkata Knight Riders v Sunrisers Hyderabad,Dubai,Kolkata Knight Riders won by 6 Wickets
50,04/10/2021,Chennai Super Kings v Delhi Capitals,Dubai,Delhi Capitals won by 3 Wickets
51,05/10/2021,Mumbai Indians v Rajasthan Royals,Sharjah,Mumbai Indians won by 8 Wickets
52,06/10/2021,Royal Challengers Bangalore v Sunrisers Hyderabad,Abu Dhabi,Sunrisers Hyderabad won by 4 Runs
53,07/10/2021,Chennai Super Kings v Punjab Kings,Dubai,Punjab Kings won by 6 Wickets
54,07/10/2021,Kolkata Knight Riders v Rajasthan Royals,Sharjah,Kolkata Knight Riders won by 86 Runs
55,08/10/2021,Mumbai Indians v Sunrisers Hyderabad,Abu Dhabi,Mumbai Indians won by 42 Runs
56,08/10/2021,Delhi Capitals v Royal Challengers Bangalore,Dubai,Royal Challengers Bangalore won by 7 Wickets
1st Qualifying Final,10/10/2021,Chennai Super Kings v Delhi Capitals,Dubai,Chennai Super Kings won by 4 Wickets
1st Elimination Final,11/10/2021,Kolkata Knight Riders v Royal Challengers Bangalore,Sharjah,Kolkata Knight Riders won by 4 Wickets
2nd Qualifying Final,13/10/2021,Delhi Capitals v Kolkata Knight Riders,Sharjah,Kolkata Knight Riders won by 3 Wickets
Final,15/10/2021,Chennai Super Kings v Kolkata Knight Riders,Dubai,Chennai Super Kings won by 27 Runs
