,Match,Date,Teams,Ground,Result
0,1,18/04/2008,Royal Challengers Bangalore v Kolkata Knight Riders,"Bengaluru, Bangalore",Kolkata Knight Riders won by 140 Runs
1,2,19/04/2008,Punjab Kings v Chennai Super Kings,"Mohali, Chandigarh",Chennai Super Kings won by 33 Runs
2,3,19/04/2008,Delhi Capitals v Rajasthan Royals,Delhi,Delhi Capitals won by 9 Wickets
3,4,20/04/2008,Kolkata Knight Riders v Deccan Chargers,Kolkata,Kolkata Knight Riders won by 5 Wickets
4,5,20/04/2008,Mumbai Indians v Royal Challengers Bangalore,Mumbai,Royal Challengers Bangalore won by 5 Wickets
5,6,21/04/2008,Rajasthan Royals v Punjab Kings,Jaipur,Rajasthan Royals won by 6 Wickets
6,7,22/04/2008,Deccan Chargers v Delhi Capitals,Hyderabad,Delhi Capitals won by 9 Wickets
7,8,23/04/2008,Chennai Super Kings v Mumbai Indians,Chennai,Chennai Super Kings won by 6 Runs
8,9,24/04/2008,Deccan Chargers v Rajasthan Royals,Hyderabad,Rajasthan Royals won by 3 Wickets
9,10,25/04/2008,Punjab Kings v Mumbai Indians,"Mohali, Chandigarh",Punjab Kings won by 66 Runs
10,11,26/04/2008,Chennai Super Kings v Kolkata Knight Riders,Chennai,Chennai Super Kings won by 9 Wickets
11,12,26/04/2008,Royal Challengers Bangalore v Rajasthan Royals,"Bengaluru, Bangalore",Rajasthan Royals won by 7 Wickets
12,13,27/04/2008,Punjab Kings v Delhi Capitals,"Mohali, Chandigarh",Punjab Kings won by 4 Wickets
13,14,27/04/2008,Mumbai Indians v Deccan Chargers,Mumbai,Deccan Chargers won by 10 Wickets
14,15,28/04/2008,Royal Challengers Bangalore v Chennai Super Kings,"Bengaluru, Bangalore",Chennai Super Kings won by 13 Runs
15,16,29/04/2008,Kolkata Knight Riders v Mumbai Indians,Kolkata,Mumbai Indians won by 7 Wickets
16,17,30/04/2008,Delhi Capitals v Royal Challengers Bangalore,Delhi,Delhi Capitals won by 10 Runs
17,18,01/05/2008,Rajasthan Royals v Kolkata Knight Riders,Jaipur,Rajasthan Royals won by 45 Runs
18,19,01/05/2008,Deccan Chargers v Punjab Kings,Hyderabad,Punjab Kings won by 7 Wickets
19,20,02/05/2008,Chennai Super Kings v Delhi Capitals,Chennai,Delhi Capitals won by 8 Wickets
20,21,03/05/2008,Royal Challengers Bangalore v Deccan Chargers,"Bengaluru, Bangalore",Royal Challengers Bangalore won by 3 Runs
21,22,03/05/2008,Punjab Kings v Kolkata Knight Riders,"Mohali, Chandigarh",Punjab Kings won by 9 Runs
22,23,04/05/2008,Mumbai Indians v Delhi Capitals,Mumbai,Mumbai Indians won by 29 Runs
23,24,04/05/2008,Rajasthan Royals v Chennai Super Kings,Jaipur,Rajasthan Royals won by 8 Wickets
24,25,05/05/2008,Royal Challengers Bangalore v Punjab Kings,"Bengaluru, Bangalore",Punjab Kings won by 6 Wickets
25,26,06/05/2008,Chennai Super Kings v Deccan Chargers,Chennai,Deccan Chargers won by 7 Wickets
26,27,07/05/2008,Mumbai Indians v Rajasthan Royals,Mumbai,Mumbai Indians won by 7 Wickets
27,28,08/05/2008,Delhi Capitals v Chennai Super Kings,Delhi,Chennai Super Kings won by 4 Wickets
28,29,08/05/2008,Kolkata Knight Riders v Royal Challengers Bangalore,Kolkata,Kolkata Knight Riders won by 5 Runs
29,30,09/05/2008,Rajasthan Royals v Deccan Chargers,Jaipur,Rajasthan Royals won by 8 Wickets
30,31,10/05/2008,Chennai Super Kings v Punjab Kings,Chennai,Chennai Super Kings won by 18 Runs
31,32,11/05/2008,Deccan Chargers v Kolkata Knight Riders,Hyderabad,Kolkata Knight Riders won by 23 Runs
32,33,11/05/2008,Rajasthan Royals v Delhi Capitals,Jaipur,Rajasthan Royals won by 3 Wickets
33,34,12/05/2008,Punjab Kings v Royal Challengers Bangalore,"Mohali, Chandigarh",Punjab Kings won by 9 Wickets
34,35,13/05/2008,Kolkata Knight Riders v Delhi Capitals,Kolkata,Kolkata Knight Riders won by 23 Runs
35,36,14/05/2008,Mumbai Indians v Chennai Super Kings,Mumbai,Mumbai Indians won by 9 Wickets
36,37,15/05/2008,Delhi Capitals v Deccan Chargers,Delhi,Delhi Capitals won by 12 Runs
37,38,16/05/2008,Mumbai Indians v Kolkata Knight Riders,Mumbai,Mumbai Indians won by 8 Wickets
38,39,17/05/2008,Rajasthan Royals v Royal Challengers Bangalore,Jaipur,Rajasthan Royals won by 65 Runs
39,40,17/05/2008,Delhi Capitals v Punjab Kings,Delhi,Punjab Kings won by 6 Runs [D/L]
40,41,18/05/2008,Kolkata Knight Riders v Chennai Super Kings,Kolkata,Chennai Super Kings won by 3 Runs [D/L]
41,42,18/05/2008,Deccan Chargers v Mumbai Indians,Hyderabad,Mumbai Indians won by 25 Runs
42,43,19/05/2008,Royal Challengers Bangalore v Delhi Capitals,"Bengaluru, Bangalore",Delhi Capitals won by 5 Wickets
43,44,20/05/2008,Kolkata Knight Riders v Rajasthan Royals,Kolkata,Rajasthan Royals won by 6 Wickets
44,45,21/05/2008,Punjab Kings v Mumbai Indians,Mumbai,Punjab Kings won by 1 Run
45,46,21/05/2008,Chennai Super Kings v Royal Challengers Bangalore,Chennai,Royal Challengers Bangalore won by 14 Runs
46,47,22/05/2008,Delhi Capitals v Kolkata Knight Riders,Delhi,Match abandoned
47,48,23/05/2008,Punjab Kings v Deccan Chargers,"Mohali, Chandigarh",Punjab Kings won by 6 Wickets
48,49,24/05/2008,Chennai Super Kings v Rajasthan Royals,Chennai,Rajasthan Royals won by 10 Runs
49,50,24/05/2008,Delhi Capitals v Mumbai Indians,Delhi,Delhi Capitals won by 5 Wickets
50,51,25/05/2008,Deccan Chargers v Royal Challengers Bangalore,Hyderabad,Royal Challengers Bangalore won by 5 Wickets
51,52,25/05/2008,Kolkata Knight Riders v Punjab Kings,Kolkata,Kolkata Knight Riders won by 3 Wickets
52,53,26/05/2008,Rajasthan Royals v Mumbai Indians,Jaipur,Rajasthan Royals won by 5 Wickets
53,54,27/05/2008,Deccan Chargers v Chennai Super Kings,Hyderabad,Chennai Super Kings won by 7 Wickets
54,55,28/05/2008,Royal Challengers Bangalore v Mumbai Indians,"Bengaluru, Bangalore",Mumbai Indians won by 9 Wickets
55,56,28/05/2008,Punjab Kings v Rajasthan Royals,"Mohali, Chandigarh",Punjab Kings won by 41 Runs
56,1st Semi Final,30/05/2008,Delhi Capitals v Rajasthan Royals,Mumbai,Rajasthan Royals won by 105 Runs
57,2nd Semi Final,31/05/2008,Punjab Kings v Chennai Super Kings,Mumbai,Chennai Super Kings won by 9 Wickets
58,Final,01/06/2008,Chennai Super Kings v Rajasthan Royals,Mumbai,Rajasthan Royals won by 3 Wickets
0,1,18/04/2009,Chennai Super Kings v Mumbai Indians,Cape Town,Mumbai Indians won by 19 Runs
1,2,18/04/2009,Royal Challengers Bangalore v Rajasthan Royals,Cape Town,Royal Challengers Bangalore won by 75 Runs
2,3,19/04/2009,Delhi Capitals v Punjab Kings,Cape Town,Delhi Capitals won by 10 Wickets [D/L]
3,4,19/04/2009,Deccan Chargers v Kolkata Knight Riders,Cape Town,Deccan Chargers won by 8 Wickets
4,5,20/04/2009,Royal Challengers Bangalore v Chennai Super Kings,Port Elizabeth,Chennai Super Kings won by 92 Runs
5,6,21/04/2009,Punjab Kings v Kolkata Knight Riders,Durban,Kolkata Knight Riders won by 11 Runs [D/L]
6,7,21/04/2009,Mumbai Indians v Rajasthan Royals,Durban,Match abandoned
7,8,22/04/2009,Royal Challengers Bangalore v Deccan Chargers,Cape Town,Deccan Chargers won by 24 Runs
8,10,23/04/2009,Kolkata Knight Riders v Rajasthan Royals,Cape Town,Match tied (Rajasthan Royals won eliminator)
9,9,23/04/2009,Chennai Super Kings v Delhi Capitals,Durban,Delhi Capitals won by 9 Runs
10,11,24/04/2009,Royal Challengers Bangalore v Punjab Kings,Durban,Punjab Kings won by 7 Wickets
11,12,25/04/2009,Deccan Chargers v Mumbai Indians,Durban,Deccan Chargers won by 12 Runs
12,13,25/04/2009,Chennai Super Kings v Kolkata Knight Riders,Cape Town,Match abandoned
13,14,26/04/2009,Royal Challengers Bangalore v Delhi Capitals,Port Elizabeth,Delhi Capitals won by 6 Wickets
14,15,26/04/2009,Punjab Kings v Rajasthan Royals,Cape Town,Punjab Kings won by 27 Runs
15,16,27/04/2009,Chennai Super Kings v Deccan Chargers,Durban,Deccan Chargers won by 6 Wickets
16,17,27/04/2009,Kolkata Knight Riders v Mumbai Indians,Port Elizabeth,Mumbai Indians won by 92 Runs
17,18,28/04/2009,Delhi Capitals v Rajasthan Royals,Centurion,Rajasthan Royals won by 5 Wickets
18,19,29/04/2009,Royal Challengers Bangalore v Kolkata Knight Riders,Durban,Royal Challengers Bangalore won by 5 Wickets
19,20,29/04/2009,Punjab Kings v Mumbai Indians,Durban,Punjab Kings won by 3 Runs
20,21,30/04/2009,Deccan Chargers v Delhi Capitals,Centurion,Delhi Capitals won by 6 Wickets
21,22,30/04/2009,Chennai Super Kings v Rajasthan Royals,East London,Chennai Super Kings won by 38 Runs
22,23,01/05/2009,Kolkata Knight Riders v Mumbai Indians,East London,Mumbai Indians won by 9 Runs
23,24,01/05/2009,Royal Challengers Bangalore v Punjab Kings,Durban,Royal Challengers Bangalore won by 8 Runs
24,25,02/05/2009,Deccan Chargers v Rajasthan Royals,Port Elizabeth,Rajasthan Royals won by 3 Wickets
25,26,02/05/2009,Chennai Super Kings v Delhi Capitals,Johannesburg,Chennai Super Kings won by 18 Runs
26,27,03/05/2009,Punjab Kings v Kolkata Knight Riders,Port Elizabeth,Punjab Kings won by 6 Wickets
27,28,03/05/2009,Royal Challengers Bangalore v Mumbai Indians,Johannesburg,Royal Challengers Bangalore won by 9 Wickets
28,29,04/05/2009,Chennai Super Kings v Deccan Chargers,East London,Chennai Super Kings won by 78 Runs
29,30,05/05/2009,Punjab Kings v Rajasthan Royals,Durban,Rajasthan Royals won by 78 Runs
30,31,05/05/2009,Delhi Capitals v Kolkata Knight Riders,Durban,Delhi Capitals won by 9 Wickets
31,32,06/05/2009,Deccan Chargers v Mumbai Indians,Centurion,Deccan Chargers won by 19 Runs
32,33,07/05/2009,Royal Challengers Bangalore v Rajasthan Royals,Centurion,Rajasthan Royals won by 7 Wickets
33,34,07/05/2009,Chennai Super Kings v Punjab Kings,Centurion,Chennai Super Kings won by 12 Runs [D/L]
34,35,08/05/2009,Delhi Capitals v Mumbai Indians,East London,Delhi Capitals won by 7 Wickets
35,36,09/05/2009,Deccan Chargers v Punjab Kings,Kimberley,Punjab Kings won by 3 Wickets
36,37,09/05/2009,Chennai Super Kings v Rajasthan Royals,Kimberley,Chennai Super Kings won by 7 Wickets
37,38,10/05/2009,Royal Challengers Bangalore v Mumbai Indians,Port Elizabeth,Mumbai Indians won by 16 Runs
38,39,10/05/2009,Delhi Capitals v Kolkata Knight Riders,Johannesburg,Delhi Capitals won by 7 Wickets
39,40,11/05/2009,Deccan Chargers v Rajasthan Royals,Kimberley,Deccan Chargers won by 53 Runs
40,41,12/05/2009,Royal Challengers Bangalore v Kolkata Knight Riders,Centurion,Royal Challengers Bangalore won by 6 Wickets
41,42,12/05/2009,Punjab Kings v Mumbai Indians,Centurion,Mumbai Indians won by 8 Wickets
42,43,13/05/2009,Deccan Chargers v Delhi Capitals,Durban,Delhi Capitals won by 12 Runs
43,44,14/05/2009,Royal Challengers Bangalore v Chennai Super Kings,Durban,Royal Challengers Bangalore won by 2 Wickets
44,45,14/05/2009,Mumbai Indians v Rajasthan Royals,Durban,Rajasthan Royals won by 2 Runs
45,46,15/05/2009,Delhi Capitals v Punjab Kings,Bloemfontein,Punjab Kings won by 6 Wickets
46,47,16/05/2009,Chennai Super Kings v Mumbai Indians,Port Elizabeth,Chennai Super Kings won by 7 Wickets
47,48,16/05/2009,Deccan Chargers v Kolkata Knight Riders,Johannesburg,Deccan Chargers won by 6 Wickets
48,49,17/05/2009,Deccan Chargers v Punjab Kings,Johannesburg,Punjab Kings won by 1 Run
49,50,17/05/2009,Delhi Capitals v Rajasthan Royals,Bloemfontein,Delhi Capitals won by 14 Runs
50,51,18/05/2009,Chennai Super Kings v Kolkata Knight Riders,Centurion,Kolkata Knight Riders won by 7 Wickets
51,52,19/05/2009,Royal Challengers Bangalore v Delhi Capitals,Johannesburg,Royal Challengers Bangalore won by 7 Wickets
52,53,20/05/2009,Kolkata Knight Riders v Rajasthan Royals,Durban,Kolkata Knight Riders won by 4 Wickets
53,54,20/05/2009,Chennai Super Kings v Punjab Kings,Durban,Chennai Super Kings won by 24 Runs
54,55,21/05/2009,Delhi Capitals v Mumbai Indians,Centurion,Delhi Capitals won by 4 Wickets
55,56,21/05/2009,Royal Challengers Bangalore v Deccan Chargers,Centurion,Royal Challengers Bangalore won by 12 Runs
56,1st Semi Final,22/05/2009,Delhi Capitals v Deccan Chargers,Centurion,Deccan Chargers won by 6 Wickets
57,2nd Semi Final,23/05/2009,Royal Challengers Bangalore v Chennai Super Kings,Johannesburg,Royal Challengers Bangalore won by 6 Wickets
58,Final,24/05/2009,Royal Challengers Bangalore v Deccan Chargers,Johannesburg,Deccan Chargers won by 6 Runs
0,1,12/03/2010,Deccan Chargers v Kolkata Knight Riders,Mumbai,Kolkata Knight Riders won by 11 Runs
1,2,13/03/2010,Mumbai Indians v Rajasthan Royals,Mumbai,Mumbai Indians won by 4 Runs
2,3,13/03/2010,Punjab Kings v Delhi Capitals,"Mohali, Chandigarh",Delhi Capitals won by 5 Wickets
3,4,14/03/2010,Kolkata Knight Riders v Royal Challengers Bangalore,Kolkata,Kolkata Knight Riders won by 7 Wickets
4,5,14/03/2010,Chennai Super Kings v Deccan Chargers,Chennai,Deccan Chargers won by 31 Runs
5,6,15/03/2010,Rajasthan Royals v Delhi Capitals,Cuttack,Delhi Capitals won by 6 Wickets
6,7,16/03/2010,Royal Challengers Bangalore v Punjab Kings,"Bengaluru, Bangalore",Royal Challengers Bangalore won by 8 Wickets
7,8,16/03/2010,Chennai Super Kings v Kolkata Knight Riders,Kolkata,Chennai Super Kings won by 55 Runs
8,9,17/03/2010,Delhi Capitals v Mumbai Indians,Delhi,Mumbai Indians won by 98 Runs
9,10,18/03/2010,Royal Challengers Bangalore v Rajasthan Royals,"Bengaluru, Bangalore",Royal Challengers Bangalore won by 10 Wickets
10,11,19/03/2010,Delhi Capitals v Chennai Super Kings,Delhi,Chennai Super Kings won by 5 Wickets
11,12,19/03/2010,Deccan Chargers v Punjab Kings,Cuttack,Deccan Chargers won by 6 Runs
12,13,20/03/2010,Rajasthan Royals v Kolkata Knight Riders,Ahmedabad,Rajasthan Royals won by 34 Runs
13,14,20/03/2010,Mumbai Indians v Royal Challengers Bangalore,Cuttack,Royal Challengers Bangalore won by 7 Wickets
14,15,21/03/2010,Deccan Chargers v Delhi Capitals,Cuttack,Deccan Chargers won by 10 Runs
15,16,21/03/2010,Chennai Super Kings v Punjab Kings,Chennai,Match tied (Punjab Kings won eliminator)
16,17,22/03/2010,Mumbai Indians v Kolkata Knight Riders,Mumbai,Mumbai Indians won by 7 Wickets
17,18,23/03/2010,Royal Challengers Bangalore v Chennai Super Kings,"Bengaluru, Bangalore",Royal Challengers Bangalore won by 36 Runs
18,19,24/03/2010,Punjab Kings v Rajasthan Royals,"Mohali, Chandigarh",Rajasthan Royals won by 31 Runs
19,20,25/03/2010,Royal Challengers Bangalore v Delhi Capitals,"Bengaluru, Bangalore",Delhi Capitals won by 17 Runs
20,21,25/03/2010,Mumbai Indians v Chennai Super Kings,Mumbai,Mumbai Indians won by 5 Wickets
21,22,26/03/2010,Rajasthan Royals v Deccan Chargers,Ahmedabad,Rajasthan Royals won by 8 Wickets
22,23,27/03/2010,Punjab Kings v Kolkata Knight Riders,"Mohali, Chandigarh",Kolkata Knight Riders won by 39 Runs
23,24,28/03/2010,Rajasthan Royals v Chennai Super Kings,Ahmedabad,Rajasthan Royals won by 17 Runs
24,25,28/03/2010,Deccan Chargers v Mumbai Indians,Mumbai,Mumbai Indians won by 41 Runs
25,26,29/03/2010,Delhi Capitals v Kolkata Knight Riders,Delhi,Delhi Capitals won by 40 Runs
26,27,30/03/2010,Mumbai Indians v Punjab Kings,Mumbai,Mumbai Indians won by 4 Wickets
27,28,31/03/2010,Chennai Super Kings v Royal Challengers Bangalore,Chennai,Chennai Super Kings won by 5 Wickets
28,29,31/03/2010,Delhi Capitals v Rajasthan Royals,Delhi,Delhi Capitals won by 67 Runs
29,30,01/04/2010,Kolkata Knight Riders v Deccan Chargers,Kolkata,Kolkata Knight Riders won by 24 Runs
30,31,02/04/2010,Punjab Kings v Royal Challengers Bangalore,Cuttack,Royal Challengers Bangalore won by 6 Wickets
31,32,03/04/2010,Chennai Super Kings v Rajasthan Royals,Chennai,Chennai Super Kings won by 23 Runs
32,33,03/04/2010,Mumbai Indians v Deccan Chargers,Mumbai,Mumbai Indians won by 63 Runs
33,34,04/04/2010,Kolkata Knight Riders v Punjab Kings,Kolkata,Punjab Kings won by 8 Wickets
34,35,04/04/2010,Delhi Capitals v Royal Challengers Bangalore,Delhi,Delhi Capitals won by 37 Runs
35,36,05/04/2010,Deccan Chargers v Rajasthan Royals,Nagpur,Rajasthan Royals won by 2 Runs
36,37,06/04/2010,Chennai Super Kings v Mumbai Indians,Chennai,Chennai Super Kings won by 24 Runs
37,38,07/04/2010,Rajasthan Royals v Punjab Kings,Jaipur,Rajasthan Royals won by 9 Wickets
38,39,07/04/2010,Kolkata Knight Riders v Delhi Capitals,Kolkata,Kolkata Knight Riders won by 14 Runs
39,40,08/04/2010,Royal Challengers Bangalore v Deccan Chargers,"Bengaluru, Bangalore",Deccan Chargers won by 7 Wickets
40,41,09/04/2010,Punjab Kings v Mumbai Indians,"Mohali, Chandigarh",Punjab Kings won by 6 Wickets
41,42,10/04/2010,Deccan Chargers v Chennai Super Kings,Nagpur,Deccan Chargers won by 6 Wickets
42,43,10/04/2010,Royal Challengers Bangalore v Kolkata Knight Riders,"Bengaluru, Bangalore",Royal Challengers Bangalore won by 7 Wickets
43,44,11/04/2010,Delhi Capitals v Punjab Kings,Delhi,Punjab Kings won by 7 Wickets
44,45,11/04/2010,Rajasthan Royals v Mumbai Indians,Jaipur,Mumbai Indians won by 37 Runs
45,46,12/04/2010,Deccan Chargers v Royal Challengers Bangalore,Nagpur,Deccan Chargers won by 13 Runs
46,47,13/04/2010,Mumbai Indians v Delhi Capitals,Mumbai,Mumbai Indians won by 39 Runs
47,48,13/04/2010,Chennai Super Kings v Kolkata Knight Riders,Chennai,Chennai Super Kings won by 9 Wickets
48,49,14/04/2010,Rajasthan Royals v Royal Challengers Bangalore,Jaipur,Royal Challengers Bangalore won by 5 Wickets
49,50,15/04/2010,Chennai Super Kings v Delhi Capitals,Chennai,Delhi Capitals won by 6 Wickets
50,51,16/04/2010,Punjab Kings v Deccan Chargers,Dharamsala,Deccan Chargers won by 5 Wickets
51,52,17/04/2010,Royal Challengers Bangalore v Mumbai Indians,"Bengaluru, Bangalore",Mumbai Indians won by 57 Runs
52,53,17/04/2010,Kolkata Knight Riders v Rajasthan Royals,Kolkata,Kolkata Knight Riders won by 8 Wickets
53,54,18/04/2010,Punjab Kings v Chennai Super Kings,Dharamsala,Chennai Super Kings won by 6 Wickets
54,55,18/04/2010,Delhi Capitals v Deccan Chargers,Delhi,Deccan Chargers won by 11 Runs
55,56,19/04/2010,Kolkata Knight Riders v Mumbai Indians,Kolkata,Kolkata Knight Riders won by 9 Wickets
56,1st Semi Final,21/04/2010,Royal Challengers Bangalore v Mumbai Indians,Mumbai,Mumbai Indians won by 35 Runs
57,2nd Semi Final,22/04/2010,Chennai Super Kings v Deccan Chargers,Mumbai,Chennai Super Kings won by 38 Runs
58,Play Off 3rd Match ,24/04/2010,Royal Challengers Bangalore v Deccan Chargers,Mumbai,Royal Challengers Bangalore won by 9 Wickets
59,Final,25/04/2010,Chennai Super Kings v Mumbai Indians,Mumbai,Chennai Super Kings won by 22 Runs
0,1,08/04/2011,Chennai Super Kings v Kolkata Knight Riders,Chennai,Chennai Super Kings won by 2 Runs
1,2,09/04/2011,Deccan Chargers v Rajasthan Royals,Hyderabad,Rajasthan Royals won by 8 Wickets
2,3,09/04/2011,Kochi Tuskers Kerala v Royal Challengers Bangalore,Kochi,Royal Challengers Bangalore won by 6 Wickets
3,4,10/04/2011,Delhi Capitals v Mumbai Indians,Delhi,Mumbai Indians won by 8 Wickets
4,5,10/04/2011,Pune Warriors v Punjab Kings,Mumbai,Pune Warriors won by 7 Wickets
5,6,11/04/2011,Kolkata Knight Riders v Deccan Chargers,Kolkata,Kolkata Knight Riders won by 9 Runs
6,7,12/04/2011,Rajasthan Royals v Delhi Capitals,Jaipur,Rajasthan Royals won by 6 Wickets
7,8,12/04/2011,Royal Challengers Bangalore v Mumbai Indians,"Bengaluru, Bangalore",Mumbai Indians won by 9 Wickets
8,10,13/04/2011,Pune Warriors v Kochi Tuskers Kerala,Mumbai,Pune Warriors won by 4 Wickets
9,9,13/04/2011,Punjab Kings v Chennai Super Kings,"Mohali, Chandigarh",Punjab Kings won by 6 Wickets
10,11,14/04/2011,Deccan Chargers v Royal Challengers Bangalore,Hyderabad,Deccan Chargers won by 33 Runs
11,12,15/04/2011,Rajasthan Royals v Kolkata Knight Riders,Jaipur,Kolkata Knight Riders won by 9 Wickets
12,13,15/04/2011,Mumbai Indians v Kochi Tuskers Kerala,Cuttack,Kochi Tuskers Kerala won by 8 Wickets
13,14,16/04/2011,Chennai Super Kings v Royal Challengers Bangalore,Chennai,Chennai Super Kings won by 21 Runs
14,15,16/04/2011,Deccan Chargers v Punjab Kings,Hyderabad,Punjab Kings won by 8 Wickets
15,16,17/04/2011,Pune Warriors v Delhi Capitals,Mumbai,Delhi Capitals won by 3 Wickets
16,17,17/04/2011,Kolkata Knight Riders v Rajasthan Royals,Kolkata,Kolkata Knight Riders won by 8 Wickets
17,18,18/04/2011,Kochi Tuskers Kerala v Chennai Super Kings,Kochi,Kochi Tuskers Kerala won by 7 Wickets
18,19,19/04/2011,Delhi Capitals v Deccan Chargers,Delhi,Deccan Chargers won by 16 Runs
19,20,19/04/2011,Royal Challengers Bangalore v Rajasthan Royals,"Bengaluru, Bangalore",Match abandoned
20,21,20/04/2011,Mumbai Indians v Pune Warriors,Mumbai,Mumbai Indians won by 7 Wickets
21,22,20/04/2011,Kolkata Knight Riders v Kochi Tuskers Kerala,Kolkata,Kochi Tuskers Kerala won by 6 Runs
22,23,21/04/2011,Punjab Kings v Rajasthan Royals,"Mohali, Chandigarh",Punjab Kings won by 48 Runs
23,24,22/04/2011,Kolkata Knight Riders v Royal Challengers Bangalore,Kolkata,Royal Challengers Bangalore won by 9 Wickets
24,25,22/04/2011,Mumbai Indians v Chennai Super Kings,Mumbai,Mumbai Indians won by 8 Runs
25,26,23/04/2011,Delhi Capitals v Punjab Kings,Delhi,Delhi Capitals won by 29 Runs
26,27,24/04/2011,Deccan Chargers v Mumbai Indians,Hyderabad,Mumbai Indians won by 37 Runs
27,28,24/04/2011,Rajasthan Royals v Kochi Tuskers Kerala,Jaipur,Rajasthan Royals won by 8 Wickets
28,29,25/04/2011,Chennai Super Kings v Pune Warriors,Chennai,Chennai Super Kings won by 25 Runs
29,30,26/04/2011,Delhi Capitals v Royal Challengers Bangalore,Delhi,Royal Challengers Bangalore won by 3 Wickets
30,31,27/04/2011,Pune Warriors v Chennai Super Kings,Mumbai,Chennai Super Kings won by 8 Wickets
31,32,27/04/2011,Kochi Tuskers Kerala v Deccan Chargers,Kochi,Deccan Chargers won by 55 Runs
32,33,28/04/2011,Delhi Capitals v Kolkata Knight Riders,Delhi,Kolkata Knight Riders won by 17 Runs
33,34,29/04/2011,Rajasthan Royals v Mumbai Indians,Jaipur,Rajasthan Royals won by 7 Wickets
34,35,29/04/2011,Royal Challengers Bangalore v Pune Warriors,"Bengaluru, Bangalore",Royal Challengers Bangalore won by 26 Runs
35,36,30/04/2011,Kochi Tuskers Kerala v Delhi Capitals,Kochi,Delhi Capitals won by 38 Runs
36,37,30/04/2011,Kolkata Knight Riders v Punjab Kings,Kolkata,Kolkata Knight Riders won by 8 Wickets
37,38,01/05/2011,Rajasthan Royals v Pune Warriors,Jaipur,Rajasthan Royals won by 6 Wickets
38,39,01/05/2011,Chennai Super Kings v Deccan Chargers,Chennai,Chennai Super Kings won by 19 Runs
39,40,02/05/2011,Mumbai Indians v Punjab Kings,Mumbai,Mumbai Indians won by 23 Runs
40,41,02/05/2011,Delhi Capitals v Kochi Tuskers Kerala,Delhi,Kochi Tuskers Kerala won by 7 Wickets
41,42,03/05/2011,Deccan Chargers v Kolkata Knight Riders,Hyderabad,Kolkata Knight Riders won by 20 Runs
42,43,04/05/2011,Chennai Super Kings v Rajasthan Royals,Chennai,Chennai Super Kings won by 8 Wickets
43,44,04/05/2011,Pune Warriors v Mumbai Indians,Mumbai,Mumbai Indians won by 21 Runs
44,45,05/05/2011,Kochi Tuskers Kerala v Kolkata Knight Riders,Kochi,Kochi Tuskers Kerala won by 17 Runs
45,46,05/05/2011,Deccan Chargers v Delhi Capitals,Hyderabad,Delhi Capitals won by 4 Wickets
46,47,06/05/2011,Royal Challengers Bangalore v Punjab Kings,"Bengaluru, Bangalore",Royal Challengers Bangalore won by 85 Runs
47,48,07/05/2011,Kolkata Knight Riders v Chennai Super Kings,Kolkata,Kolkata Knight Riders won by 10 Runs [D/L]
48,49,07/05/2011,Mumbai Indians v Delhi Capitals,Mumbai,Mumbai Indians won by 32 Runs
49,50,08/05/2011,Royal Challengers Bangalore v Kochi Tuskers Kerala,"Bengaluru, Bangalore",Royal Challengers Bangalore won by 9 Wickets
50,51,08/05/2011,Punjab Kings v Pune Warriors,"Mohali, Chandigarh",Pune Warriors won by 5 Wickets
51,52,09/05/2011,Rajasthan Royals v Chennai Super Kings,Jaipur,Chennai Super Kings won by 63 Runs
52,53,10/05/2011,Deccan Chargers v Pune Warriors,Hyderabad,Pune Warriors won by 6 Wickets
53,54,10/05/2011,Punjab Kings v Mumbai Indians,"Mohali, Chandigarh",Punjab Kings won by 76 Runs
54,55,11/05/2011,Rajasthan Royals v Royal Challengers Bangalore,Jaipur,Royal Challengers Bangalore won by 9 Wickets
55,56,12/05/2011,Chennai Super Kings v Delhi Capitals,Chennai,Chennai Super Kings won by 18 Runs
56,57,13/05/2011,Kochi Tuskers Kerala v Punjab Kings,Indore,Punjab Kings won by 6 Wickets
57,58,14/05/2011,Royal Challengers Bangalore v Kolkata Knight Riders,"Bengaluru, Bangalore",Royal Challengers Bangalore won by 4 Wickets [D/L]
58,59,14/05/2011,Mumbai Indians v Deccan Chargers,Mumbai,Deccan Chargers won by 10 Runs
59,60,15/05/2011,Punjab Kings v Delhi Capitals,Dharamsala,Punjab Kings won by 29 Runs
60,61,15/05/2011,Kochi Tuskers Kerala v Rajasthan Royals,Indore,Kochi Tuskers Kerala won by 8 Wickets
61,62,16/05/2011,Pune Warriors v Deccan Chargers,Mumbai,Deccan Chargers won by 6 Wickets
62,63,17/05/2011,Punjab Kings v Royal Challengers Bangalore,Dharamsala,Punjab Kings won by 111 Runs
63,64,18/05/2011,Chennai Super Kings v Kochi Tuskers Kerala,Chennai,Chennai Super Kings won by 11 Runs
64,65,19/05/2011,Pune Warriors v Kolkata Knight Riders,Mumbai,Kolkata Knight Riders won by 7 Wickets
65,66,20/05/2011,Mumbai Indians v Rajasthan Royals,Mumbai,Rajasthan Royals won by 10 Wickets
66,67,21/05/2011,Punjab Kings v Deccan Chargers,Dharamsala,Deccan Chargers won by 82 Runs
67,68,21/05/2011,Delhi Capitals v Pune Warriors,Delhi,No result
68,69,22/05/2011,Royal Challengers Bangalore v Chennai Super Kings,"Bengaluru, Bangalore",Royal Challengers Bangalore won by 8 Wickets
69,70,22/05/2011,Kolkata Knight Riders v Mumbai Indians,Kolkata,Mumbai Indians won by 5 Wickets
70,1st Qualifying Final,24/05/2011,Royal Challengers Bangalore v Chennai Super Kings,Mumbai,Chennai Super Kings won by 6 Wickets
71,Elimination Final,25/05/2011,Kolkata Knight Riders v Mumbai Indians,Mumbai,Mumbai Indians won by 4 Wickets
72,2nd Qualifying Final,27/05/2011,Royal Challengers Bangalore v Mumbai Indians,Chennai,Royal Challengers Bangalore won by 43 Runs
73,Final,28/05/2011,Chennai Super Kings v Royal Challengers Bangalore,Chennai,Chennai Super Kings won by 58 Runs
0,1,04/04/2012,Chennai Super Kings v Mumbai Indians,Chennai,Mumbai Indians won by 8 Wickets
1,2,05/04/2012,Kolkata Knight Riders v Delhi Capitals,Kolkata,Delhi Capitals won by 8 Wickets
2,3,06/04/2012,Mumbai Indians v Pune Warriors,Mumbai,Pune Warriors won by 28 Runs
3,4,06/04/2012,Rajasthan Royals v Punjab Kings,Jaipur,Rajasthan Royals won by 31 Runs
4,5,07/04/2012,Royal Challengers Bangalore v Delhi Capitals,"Bengaluru, Bangalore",Royal Challengers Bangalore won by 20 Runs
5,6,07/04/2012,Deccan Chargers v Chennai Super Kings,Visakhapatnam,Chennai Super Kings won by 74 Runs
6,7,08/04/2012,Rajasthan Royals v Kolkata Knight Riders,Jaipur,Rajasthan Royals won by 22 Runs
7,8,08/04/2012,Pune Warriors v Punjab Kings,Pune,Pune Warriors won by 22 Runs
8,9,09/04/2012,Deccan Chargers v Mumbai Indians,Visakhapatnam,Mumbai Indians won by 5 Wickets
9,10,10/04/2012,Royal Challengers Bangalore v Kolkata Knight Riders,"Bengaluru, Bangalore",Kolkata Knight Riders won by 42 Runs
10,11,10/04/2012,Delhi Capitals v Chennai Super Kings,Delhi,Delhi Capitals won by 8 Wickets
11,12,11/04/2012,Mumbai Indians v Rajasthan Royals,Mumbai,Mumbai Indians won by 27 Runs
12,13,12/04/2012,Chennai Super Kings v Royal Challengers Bangalore,Chennai,Chennai Super Kings won by 5 Wickets
13,14,12/04/2012,Punjab Kings v Pune Warriors,"Mohali, Chandigarh",Punjab Kings won by 7 Wickets
14,15,13/04/2012,Kolkata Knight Riders v Rajasthan Royals,Kolkata,Kolkata Knight Riders won by 5 Wickets
15,16,14/04/2012,Pune Warriors v Chennai Super Kings,Pune,Pune Warriors won by 7 Wickets
16,17,15/04/2012,Kolkata Knight Riders v Punjab Kings,Kolkata,Punjab Kings won by 2 Runs
17,18,15/04/2012,Royal Challengers Bangalore v Rajasthan Royals,"Bengaluru, Bangalore",Rajasthan Royals won by 59 Runs
18,19,16/04/2012,Mumbai Indians v Delhi Capitals,Mumbai,Delhi Capitals won by 7 Wickets
19,20,17/04/2012,Rajasthan Royals v Deccan Chargers,Jaipur,Rajasthan Royals won by 5 Wickets
20,21,17/04/2012,Royal Challengers Bangalore v Pune Warriors,"Bengaluru, Bangalore",Royal Challengers Bangalore won by 6 Wickets
21,22,18/04/2012,Punjab Kings v Kolkata Knight Riders,"Mohali, Chandigarh",Kolkata Knight Riders won by 8 Wickets
22,23,19/04/2012,Delhi Capitals v Deccan Chargers,Delhi,Delhi Capitals won by 5 Wickets
23,24,19/04/2012,Chennai Super Kings v Pune Warriors,Chennai,Chennai Super Kings won by 13 Runs
24,25,20/04/2012,Punjab Kings v Royal Challengers Bangalore,"Mohali, Chandigarh",Royal Challengers Bangalore won by 5 Wickets
25,26,21/04/2012,Chennai Super Kings v Rajasthan Royals,Chennai,Chennai Super Kings won by 7 Wickets
26,27,21/04/2012,Delhi Capitals v Pune Warriors,Delhi,Pune Warriors won by 20 Runs
27,28,22/04/2012,Mumbai Indians v Punjab Kings,Mumbai,Punjab Kings won by 6 Wickets
28,29,22/04/2012,Deccan Chargers v Kolkata Knight Riders,Cuttack,Kolkata Knight Riders won by 5 Wickets
29,30,23/04/2012,Rajasthan Royals v Royal Challengers Bangalore,Jaipur,Royal Challengers Bangalore won by 46 Runs
30,31,24/04/2012,Pune Warriors v Delhi Capitals,Pune,Delhi Capitals won by 8 Wickets
31,32,24/04/2012,Kolkata Knight Riders v Deccan Chargers,Kolkata,Match abandoned
32,33,25/04/2012,Punjab Kings v Mumbai Indians,"Mohali, Chandigarh",Mumbai Indians won by 4 Wickets
33,34,25/04/2012,Royal Challengers Bangalore v Chennai Super Kings,"Bengaluru, Bangalore",No result
34,35,26/04/2012,Pune Warriors v Deccan Chargers,Pune,Deccan Chargers won by 18 Runs
35,36,27/04/2012,Delhi Capitals v Mumbai Indians,Delhi,Delhi Capitals won by 37 Runs
36,37,28/04/2012,Chennai Super Kings v Punjab Kings,Chennai,Punjab Kings won by 7 Runs
37,38,28/04/2012,Kolkata Knight Riders v Royal Challengers Bangalore,Kolkata,Kolkata Knight Riders won by 47 Runs
38,39,29/04/2012,Delhi Capitals v Rajasthan Royals,Delhi,Delhi Capitals won by 1 Run
39,40,29/04/2012,Mumbai Indians v Deccan Chargers,Mumbai,Mumbai Indians won by 5 Wickets
40,41,30/04/2012,Chennai Super Kings v Kolkata Knight Riders,Chennai,Kolkata Knight Riders won by 5 Wickets
41,42,01/05/2012,Deccan Chargers v Pune Warriors,Cuttack,Deccan Chargers won by 13 Runs
42,43,01/05/2012,Rajasthan Royals v Delhi Capitals,Jaipur,Delhi Capitals won by 6 Wickets
43,44,02/05/2012,Royal Challengers Bangalore v Punjab Kings,"Bengaluru, Bangalore",Punjab Kings won by 4 Wickets
44,45,03/05/2012,Pune Warriors v Mumbai Indians,Pune,Mumbai Indians won by 1 Run
45,46,04/05/2012,Chennai Super Kings v Deccan Chargers,Chennai,Chennai Super Kings won by 10 Runs
46,47,05/05/2012,Kolkata Knight Riders v Pune Warriors,Kolkata,Kolkata Knight Riders won by 7 Runs
47,48,05/05/2012,Punjab Kings v Rajasthan Royals,"Mohali, Chandigarh",Rajasthan Royals won by 43 Runs
48,49,06/05/2012,Mumbai Indians v Chennai Super Kings,Mumbai,Mumbai Indians won by 2 Wickets
49,50,06/05/2012,Royal Challengers Bangalore v Deccan Chargers,"Bengaluru, Bangalore",Royal Challengers Bangalore won by 5 Wickets
50,51,07/05/2012,Delhi Capitals v Kolkata Knight Riders,Delhi,Kolkata Knight Riders won by 6 Wickets
51,52,08/05/2012,Pune Warriors v Rajasthan Royals,Pune,Rajasthan Royals won by 7 Wickets
52,53,08/05/2012,Deccan Chargers v Punjab Kings,Hyderabad,Punjab Kings won by 25 Runs
53,54,09/05/2012,Mumbai Indians v Royal Challengers Bangalore,Mumbai,Royal Challengers Bangalore won by 9 Wickets
54,55,10/05/2012,Deccan Chargers v Delhi Capitals,Hyderabad,Delhi Capitals won by 9 Wickets
55,56,10/05/2012,Rajasthan Royals v Chennai Super Kings,Jaipur,Chennai Super Kings won by 4 Wickets
56,57,11/05/2012,Pune Warriors v Royal Challengers Bangalore,Pune,Royal Challengers Bangalore won by 35 Runs
57,58,12/05/2012,Kolkata Knight Riders v Mumbai Indians,Kolkata,Mumbai Indians won by 27 Runs
58,59,12/05/2012,Chennai Super Kings v Delhi Capitals,Chennai,Chennai Super Kings won by 9 Wickets
59,60,13/05/2012,Rajasthan Royals v Pune Warriors,Jaipur,Rajasthan Royals won by 45 Runs
60,61,13/05/2012,Punjab Kings v Deccan Chargers,"Mohali, Chandigarh",Punjab Kings won by 4 Wickets
61,62,14/05/2012,Royal Challengers Bangalore v Mumbai Indians,"Bengaluru, Bangalore",Mumbai Indians won by 5 Wickets
62,63,14/05/2012,Kolkata Knight Riders v Chennai Super Kings,Kolkata,Chennai Super Kings won by 5 Wickets
63,64,15/05/2012,Delhi Capitals v Punjab Kings,Delhi,Delhi Capitals won by 5 Wickets
64,65,16/05/2012,Mumbai Indians v Kolkata Knight Riders,Mumbai,Kolkata Knight Riders won by 32 Runs
65,66,17/05/2012,Punjab Kings v Chennai Super Kings,Dharamsala,Punjab Kings won by 6 Wickets
66,67,17/05/2012,Delhi Capitals v Royal Challengers Bangalore,Delhi,Royal Challengers Bangalore won by 21 Runs
67,68,18/05/2012,Deccan Chargers v Rajasthan Royals,Hyderabad,Deccan Chargers won by 5 Wickets
68,69,19/05/2012,Punjab Kings v Delhi Capitals,Dharamsala,Delhi Capitals won by 6 Wickets
69,70,19/05/2012,Pune Warriors v Kolkata Knight Riders,Pune,Kolkata Knight Riders won by 34 Runs
70,71,20/05/2012,Deccan Chargers v Royal Challengers Bangalore,Hyderabad,Deccan Chargers won by 9 Runs
71,72,20/05/2012,Rajasthan Royals v Mumbai Indians,Jaipur,Mumbai Indians won by 10 Wickets
72,1st Qualifying Final,22/05/2012,Delhi Capitals v Kolkata Knight Riders,Pune,Kolkata Knight Riders won by 18 Runs
73,Elimination Final,23/05/2012,Chennai Super Kings v Mumbai Indians,"Bengaluru, Bangalore",Chennai Super Kings won by 3 Runs
74,2nd Qualifying Final,25/05/2012,Delhi Capitals v Chennai Super Kings,Chennai,Chennai Super Kings won by 86 Runs
75,Final,27/05/2012,Kolkata Knight Riders v Chennai Super Kings,Chennai,Kolkata Knight Riders won by 5 Wickets
0,1,03/04/2013,Kolkata Knight Riders v Delhi Capitals,Kolkata,Kolkata Knight Riders won by 6 Wickets
1,2,04/04/2013,Royal Challengers Bangalore v Mumbai Indians,"Bengaluru, Bangalore",Royal Challengers Bangalore won by 2 Runs
2,3,05/04/2013,Sunrisers Hyderabad v Pune Warriors,Hyderabad,Sunrisers Hyderabad won by 22 Runs
3,4,06/04/2013,Delhi Capitals v Rajasthan Royals,Delhi,Rajasthan Royals won by 5 Runs
4,5,06/04/2013,Chennai Super Kings v Mumbai Indians,Chennai,Mumbai Indians won by 9 Runs
5,6,07/04/2013,Pune Warriors v Punjab Kings,Pune,Punjab Kings won by 8 Wickets
6,7,07/04/2013,Sunrisers Hyderabad v Royal Challengers Bangalore,Hyderabad,Match tied (Sunrisers Hyderabad won eliminator)
7,8,08/04/2013,Rajasthan Royals v Kolkata Knight Riders,Jaipur,Rajasthan Royals won by 19 Runs
8,10,09/04/2013,Mumbai Indians v Delhi Capitals,Mumbai,Mumbai Indians won by 44 Runs
9,9,09/04/2013,Royal Challengers Bangalore v Sunrisers Hyderabad,"Bengaluru, Bangalore",Royal Challengers Bangalore won by 7 Wickets
10,11,10/04/2013,Punjab Kings v Chennai Super Kings,"Mohali, Chandigarh",Chennai Super Kings won by 10 Wickets
11,12,11/04/2013,Royal Challengers Bangalore v Kolkata Knight Riders,"Bengaluru, Bangalore",Royal Challengers Bangalore won by 8 Wickets
12,13,11/04/2013,Pune Warriors v Rajasthan Royals,Pune,Pune Warriors won by 7 Wickets
13,14,12/04/2013,Delhi Capitals v Sunrisers Hyderabad,Delhi,Sunrisers Hyderabad won by 3 Wickets
14,15,13/04/2013,Mumbai Indians v Pune Warriors,Mumbai,Mumbai Indians won by 41 Runs
15,16,13/04/2013,Chennai Super Kings v Royal Challengers Bangalore,Chennai,Chennai Super Kings won by 4 Wickets
16,17,14/04/2013,Kolkata Knight Riders v Sunrisers Hyderabad,Kolkata,Kolkata Knight Riders won by 48 Runs
17,18,14/04/2013,Rajasthan Royals v Punjab Kings,Jaipur,Rajasthan Royals won by 6 Wickets
18,19,15/04/2013,Chennai Super Kings v Pune Warriors,Chennai,Pune Warriors won by 24 Runs
19,20,16/04/2013,Punjab Kings v Kolkata Knight Riders,"Mohali, Chandigarh",Punjab Kings won by 4 Runs
20,21,16/04/2013,Royal Challengers Bangalore v Delhi Capitals,"Bengaluru, Bangalore",Match tied (Royal Challengers Bangalore won eliminator)
21,22,17/04/2013,Pune Warriors v Sunrisers Hyderabad,Pune,Sunrisers Hyderabad won by 11 Runs
22,23,17/04/2013,Rajasthan Royals v Mumbai Indians,Jaipur,Rajasthan Royals won by 87 Runs
23,24,18/04/2013,Chennai Super Kings v Delhi Capitals,Delhi,Chennai Super Kings won by 86 Runs
24,25,19/04/2013,Sunrisers Hyderabad v Punjab Kings,Hyderabad,Sunrisers Hyderabad won by 5 Wickets
25,26,20/04/2013,Kolkata Knight Riders v Chennai Super Kings,Kolkata,Chennai Super Kings won by 4 Wickets
26,27,20/04/2013,Royal Challengers Bangalore v Rajasthan Royals,"Bengaluru, Bangalore",Royal Challengers Bangalore won by 7 Wickets
27,28,21/04/2013,Delhi Capitals v Mumbai Indians,Delhi,Delhi Capitals won by 9 Wickets
28,29,21/04/2013,Punjab Kings v Pune Warriors,"Mohali, Chandigarh",Punjab Kings won by 7 Wickets
29,30,22/04/2013,Chennai Super Kings v Rajasthan Royals,Chennai,Chennai Super Kings won by 5 Wickets
30,31,23/04/2013,Royal Challengers Bangalore v Pune Warriors,"Bengaluru, Bangalore",Royal Challengers Bangalore won by 130 Runs
31,32,23/04/2013,Delhi Capitals v Punjab Kings,Delhi,Punjab Kings won by 5 Wickets
32,33,24/04/2013,Kolkata Knight Riders v Mumbai Indians,Kolkata,Mumbai Indians won by 5 Wickets
33,34,25/04/2013,Chennai Super Kings v Sunrisers Hyderabad,Chennai,Chennai Super Kings won by 5 Wickets
34,35,26/04/2013,Kolkata Knight Riders v Punjab Kings,Kolkata,Kolkata Knight Riders won by 6 Wickets
35,36,27/04/2013,Sunrisers Hyderabad v Rajasthan Royals,Jaipur,Rajasthan Royals won by 8 Wickets
36,37,27/04/2013,Mumbai Indians v Royal Challengers Bangalore,Mumbai,Mumbai Indians won by 58 Runs
37,38,28/04/2013,Chennai Super Kings v Kolkata Knight Riders,Chennai,Chennai Super Kings won by 14 Runs
38,39,28/04/2013,Delhi Capitals v Pune Warriors,Raipur,Delhi Capitals won by 15 Runs
39,40,29/04/2013,Rajasthan Royals v Royal Challengers Bangalore,Jaipur,Rajasthan Royals won by 4 Wickets
40,41,29/04/2013,Mumbai Indians v Punjab Kings,Mumbai,Mumbai Indians won by 4 Runs
41,42,30/04/2013,Chennai Super Kings v Pune Warriors,Pune,Chennai Super Kings won by 37 Runs
42,43,01/05/2013,Mumbai Indians v Sunrisers Hyderabad,Hyderabad,Sunrisers Hyderabad won by 7 Wickets
43,44,01/05/2013,Delhi Capitals v Kolkata Knight Riders,Raipur,Delhi Capitals won by 7 Wickets
44,45,02/05/2013,Chennai Super Kings v Punjab Kings,Chennai,Chennai Super Kings won by 15 Runs
45,46,02/05/2013,Pune Warriors v Royal Challengers Bangalore,Pune,Royal Challengers Bangalore won by 17 Runs
46,47,03/05/2013,Kolkata Knight Riders v Rajasthan Royals,Kolkata,Kolkata Knight Riders won by 8 Wickets
47,48,04/05/2013,Sunrisers Hyderabad v Delhi Capitals,Hyderabad,Sunrisers Hyderabad won by 6 Wickets
48,49,05/05/2013,Mumbai Indians v Chennai Super Kings,Mumbai,Mumbai Indians won by 60 Runs
49,50,05/05/2013,Rajasthan Royals v Pune Warriors,Jaipur,Rajasthan Royals won by 5 Wickets
50,51,06/05/2013,Punjab Kings v Royal Challengers Bangalore,"Mohali, Chandigarh",Punjab Kings won by 6 Wickets
51,52,07/05/2013,Rajasthan Royals v Delhi Capitals,Jaipur,Rajasthan Royals won by 9 Wickets
52,53,07/05/2013,Mumbai Indians v Kolkata Knight Riders,Mumbai,Mumbai Indians won by 65 Runs
53,54,08/05/2013,Sunrisers Hyderabad v Chennai Super Kings,Hyderabad,Chennai Super Kings won by 77 Runs
54,55,09/05/2013,Punjab Kings v Rajasthan Royals,"Mohali, Chandigarh",Rajasthan Royals won by 8 Wickets
55,56,09/05/2013,Pune Warriors v Kolkata Knight Riders,Pune,Kolkata Knight Riders won by 46 Runs
56,57,10/05/2013,Royal Challengers Bangalore v Delhi Capitals,Delhi,Royal Challengers Bangalore won by 4 Runs
57,58,11/05/2013,Pune Warriors v Mumbai Indians,Pune,Mumbai Indians won by 5 Wickets
58,59,11/05/2013,Punjab Kings v Sunrisers Hyderabad,"Mohali, Chandigarh",Sunrisers Hyderabad won by 30 Runs
59,60,12/05/2013,Kolkata Knight Riders v Royal Challengers Bangalore,Ranchi,Kolkata Knight Riders won by 5 Wickets
60,61,12/05/2013,Rajasthan Royals v Chennai Super Kings,Jaipur,Rajasthan Royals won by 5 Wickets
61,62,13/05/2013,Mumbai Indians v Sunrisers Hyderabad,Mumbai,Mumbai Indians won by 7 Wickets
62,63,14/05/2013,Royal Challengers Bangalore v Punjab Kings,"Bengaluru, Bangalore",Punjab Kings won by 7 Wickets
63,64,14/05/2013,Chennai Super Kings v Delhi Capitals,Chennai,Chennai Super Kings won by 33 Runs
64,65,15/05/2013,Kolkata Knight Riders v Pune Warriors,Ranchi,Pune Warriors won by 7 Runs
65,66,15/05/2013,Mumbai Indians v Rajasthan Royals,Mumbai,Mumbai Indians won by 14 Runs
66,67,16/05/2013,Punjab Kings v Delhi Capitals,Dharamsala,Punjab Kings won by 7 Runs
67,68,17/05/2013,Sunrisers Hyderabad v Rajasthan Royals,Hyderabad,Sunrisers Hyderabad won by 23 Runs
68,69,18/05/2013,Punjab Kings v Mumbai Indians,Dharamsala,Punjab Kings won by 50 Runs
69,70,18/05/2013,Royal Challengers Bangalore v Chennai Super Kings,"Bengaluru, Bangalore",Royal Challengers Bangalore won by 24 Runs
70,71,19/05/2013,Pune Warriors v Delhi Capitals,Pune,Pune Warriors won by 38 Runs
71,72,19/05/2013,Sunrisers Hyderabad v Kolkata Knight Riders,Hyderabad,Sunrisers Hyderabad won by 5 Wickets
72,1st Qualifying Final,21/05/2013,Chennai Super Kings v Mumbai Indians,Delhi,Chennai Super Kings won by 48 Runs
73,Elimination Final,22/05/2013,Rajasthan Royals v Sunrisers Hyderabad,Delhi,Rajasthan Royals won by 4 Wickets
74,2nd Qualifying Final,24/05/2013,Mumbai Indians v Rajasthan Royals,Kolkata,Mumbai Indians won by 4 Wickets
75,Final,26/05/2013,Chennai Super Kings v Mumbai Indians,Kolkata,Mumbai Indians won by 23 Runs
0,1,16/04/2014,Kolkata Knight Riders v Mumbai Indians,Abu Dhabi,Kolkata Knight Riders won by 41 Runs
1,2,17/04/2014,Royal Challengers Bangalore v Delhi Capitals,Sharjah,Royal Challengers Bangalore won by 8 Wickets
2,3,18/04/2014,Chennai Super Kings v Punjab Kings,Abu Dhabi,Punjab Kings won by 6 Wickets
3,4,18/04/2014,Sunrisers Hyderabad v Rajasthan Royals,Abu Dhabi,Rajasthan Royals won by 4 Wickets
4,5,19/04/2014,Mumbai Indians v Royal Challengers Bangalore,Dubai,Royal Challengers Bangalore won by 7 Wickets
5,6,19/04/2014,Kolkata Knight Riders v Delhi Capitals,Dubai,Delhi Capitals won by 4 Wickets
6,7,20/04/2014,Rajasthan Royals v Punjab Kings,Sharjah,Punjab Kings won by 7 Wickets
7,8,21/04/2014,Chennai Super Kings v Delhi Capitals,Abu Dhabi,Chennai Super Kings won by 93 Runs
8,9,22/04/2014,Punjab Kings v Sunrisers Hyderabad,Sharjah,Punjab Kings won by 72 Runs
9,10,23/04/2014,Chennai Super Kings v Rajasthan Royals,Dubai,Chennai Super Kings won by 7 Runs
10,11,24/04/2014,Royal Challengers Bangalore v Kolkata Knight Riders,Sharjah,Kolkata Knight Riders won by 2 Runs
11,12,25/04/2014,Sunrisers Hyderabad v Delhi Capitals,Dubai,Sunrisers Hyderabad won by 4 Runs
12,13,25/04/2014,Chennai Super Kings v Mumbai Indians,Dubai,Chennai Super Kings won by 7 Wickets
13,14,26/04/2014,Royal Challengers Bangalore v Rajasthan Royals,Abu Dhabi,Rajasthan Royals won by 6 Wickets
14,15,26/04/2014,Kolkata Knight Riders v Punjab Kings,Abu Dhabi,Punjab Kings won by 23 Runs
15,16,27/04/2014,Delhi Capitals v Mumbai Indians,Sharjah,Delhi Capitals won by 6 Wickets
16,17,27/04/2014,Sunrisers Hyderabad v Chennai Super Kings,Sharjah,Chennai Super Kings won by 5 Wickets
17,18,28/04/2014,Punjab Kings v Royal Challengers Bangalore,Dubai,Punjab Kings won by 5 Wickets
18,19,29/04/2014,Kolkata Knight Riders v Rajasthan Royals,Abu Dhabi,Rajasthan Royals won by Boundary Count
19,20,30/04/2014,Mumbai Indians v Sunrisers Hyderabad,Dubai,Sunrisers Hyderabad won by 15 Runs
20,21,02/05/2014,Chennai Super Kings v Kolkata Knight Riders,Ranchi,Chennai Super Kings won by 34 Runs
21,22,03/05/2014,Mumbai Indians v Punjab Kings,Mumbai,Mumbai Indians won by 5 Wickets
22,23,03/05/2014,Delhi Capitals v Rajasthan Royals,Delhi,Rajasthan Royals won by 7 Wickets
23,24,04/05/2014,Royal Challengers Bangalore v Sunrisers Hyderabad,"Bengaluru, Bangalore",Royal Challengers Bangalore won by 4 Wickets
24,25,05/05/2014,Rajasthan Royals v Kolkata Knight Riders,Ahmedabad,Rajasthan Royals won by 10 Runs
25,26,05/05/2014,Delhi Capitals v Chennai Super Kings,Delhi,Chennai Super Kings won by 8 Wickets
26,27,06/05/2014,Mumbai Indians v Royal Challengers Bangalore,Mumbai,Mumbai Indians won by 19 Runs
27,28,07/05/2014,Delhi Capitals v Kolkata Knight Riders,Delhi,Kolkata Knight Riders won by 8 Wickets
28,29,07/05/2014,Punjab Kings v Chennai Super Kings,Cuttack,Punjab Kings won by 44 Runs
29,30,08/05/2014,Sunrisers Hyderabad v Rajasthan Royals,Ahmedabad,Sunrisers Hyderabad won by 32 Runs
30,31,09/05/2014,Royal Challengers Bangalore v Punjab Kings,"Bengaluru, Bangalore",Punjab Kings won by 32 Runs
31,32,10/05/2014,Delhi Capitals v Sunrisers Hyderabad,Delhi,Sunrisers Hyderabad won by 8 Wickets [D/L]
32,33,10/05/2014,Mumbai Indians v Chennai Super Kings,Mumbai,Chennai Super Kings won by 4 Wickets
33,34,11/05/2014,Kolkata Knight Riders v Punjab Kings,Cuttack,Kolkata Knight Riders won by 9 Wickets
34,35,11/05/2014,Royal Challengers Bangalore v Rajasthan Royals,"Bengaluru, Bangalore",Rajasthan Royals won by 5 Wickets
35,36,12/05/2014,Sunrisers Hyderabad v Mumbai Indians,Hyderabad,Mumbai Indians won by 7 Wickets
36,37,13/05/2014,Chennai Super Kings v Rajasthan Royals,Ranchi,Chennai Super Kings won by 5 Wickets
37,38,13/05/2014,Royal Challengers Bangalore v Delhi Capitals,"Bengaluru, Bangalore",Royal Challengers Bangalore won by 16 Runs
38,39,14/05/2014,Sunrisers Hyderabad v Punjab Kings,Hyderabad,Punjab Kings won by 6 Wickets
39,40,14/05/2014,Kolkata Knight Riders v Mumbai Indians,Cuttack,Kolkata Knight Riders won by 6 Wickets
40,41,15/05/2014,Rajasthan Royals v Delhi Capitals,Ahmedabad,Rajasthan Royals won by 62 Runs
41,42,18/05/2014,Chennai Super Kings v Royal Challengers Bangalore,Ranchi,Royal Challengers Bangalore won by 5 Wickets
42,43,18/05/2014,Sunrisers Hyderabad v Kolkata Knight Riders,Hyderabad,Kolkata Knight Riders won by 7 Wickets
43,44,19/05/2014,Rajasthan Royals v Mumbai Indians,Ahmedabad,Mumbai Indians won by 25 Runs
44,45,19/05/2014,Delhi Capitals v Punjab Kings,Delhi,Punjab Kings won by 4 Wickets
45,46,20/05/2014,Sunrisers Hyderabad v Royal Challengers Bangalore,Hyderabad,Sunrisers Hyderabad won by 7 Wickets
46,47,20/05/2014,Kolkata Knight Riders v Chennai Super Kings,Kolkata,Kolkata Knight Riders won by 8 Wickets
47,48,21/05/2014,Punjab Kings v Mumbai Indians,"Mohali, Chandigarh",Mumbai Indians won by 7 Wickets
48,49,22/05/2014,Kolkata Knight Riders v Royal Challengers Bangalore,Kolkata,Kolkata Knight Riders won by 30 Runs
49,50,22/05/2014,Chennai Super Kings v Sunrisers Hyderabad,Ranchi,Sunrisers Hyderabad won by 6 Wickets
50,51,23/05/2014,Mumbai Indians v Delhi Capitals,Mumbai,Mumbai Indians won by 15 Runs
51,52,23/05/2014,Punjab Kings v Rajasthan Royals,"Mohali, Chandigarh",Punjab Kings won by 16 Runs
52,53,24/05/2014,Royal Challengers Bangalore v Chennai Super Kings,"Bengaluru, Bangalore",Chennai Super Kings won by 8 Wickets
53,54,24/05/2014,Kolkata Knight Riders v Sunrisers Hyderabad,Kolkata,Kolkata Knight Riders won by 4 Wickets
54,55,25/05/2014,Punjab Kings v Delhi Capitals,"Mohali, Chandigarh",Punjab Kings won by 7 Wickets
55,56,25/05/2014,Mumbai Indians v Rajasthan Royals,Mumbai,Mumbai Indians won by 5 Wickets
56,Elimination Final,28/05/2014,Mumbai Indians v Chennai Super Kings,Mumbai,Chennai Super Kings won by 7 Wickets
57,1st Qualifying Final,28/05/2014,Kolkata Knight Riders v Punjab Kings,Kolkata,Kolkata Knight Riders won by 28 Runs
58,2nd Qualifying Final,30/05/2014,Chennai Super Kings v Punjab Kings,Mumbai,Punjab Kings won by 24 Runs
59,Final,01/06/2014,Kolkata Knight Riders v Punjab Kings,"Bengaluru, Bangalore",Kolkata Knight Riders won by 3 Wickets
0,1,08/04/2015,Kolkata Knight Riders v Mumbai Indians,Kolkata,Kolkata Knight Riders won by 3 Wickets
1,2,09/04/2015,Chennai Super Kings v Delhi Capitals,Chennai,Chennai Super Kings won by 1 Run
2,3,10/04/2015,Punjab Kings v Rajasthan Royals,Pune,Rajasthan Royals won by 26 Runs
3,4,11/04/2015,Chennai Super Kings v Sunrisers Hyderabad,Chennai,Chennai Super Kings won by 45 Runs
4,5,11/04/2015,Kolkata Knight Riders v Royal Challengers Bangalore,Kolkata,Royal Challengers Bangalore won by 3 Wickets
5,6,12/04/2015,Delhi Capitals v Rajasthan Royals,Delhi,Rajasthan Royals won by 3 Wickets
6,7,12/04/2015,Mumbai Indians v Punjab Kings,Mumbai,Punjab Kings won by 18 Runs
7,8,13/04/2015,Royal Challengers Bangalore v Sunrisers Hyderabad,"Bengaluru, Bangalore",Sunrisers Hyderabad won by 8 Wickets
8,9,14/04/2015,Rajasthan Royals v Mumbai Indians,Ahmedabad,Rajasthan Royals won by 7 Wickets
9,10,15/04/2015,Punjab Kings v Delhi Capitals,Pune,Delhi Capitals won by 5 Wickets
10,11,16/04/2015,Sunrisers Hyderabad v Rajasthan Royals,Visakhapatnam,Rajasthan Royals won by 6 Wickets
11,12,17/04/2015,Mumbai Indians v Chennai Super Kings,Mumbai,Chennai Super Kings won by 6 Wickets
12,13,18/04/2015,Sunrisers Hyderabad v Delhi Capitals,Visakhapatnam,Delhi Capitals won by 4 Runs
13,14,18/04/2015,Punjab Kings v Kolkata Knight Riders,Pune,Kolkata Knight Riders won by 4 Wickets
14,15,19/04/2015,Rajasthan Royals v Chennai Super Kings,Ahmedabad,Rajasthan Royals won by 8 Wickets
15,16,19/04/2015,Royal Challengers Bangalore v Mumbai Indians,"Bengaluru, Bangalore",Mumbai Indians won by 18 Runs
16,17,20/04/2015,Delhi Capitals v Kolkata Knight Riders,Delhi,Kolkata Knight Riders won by 6 Wickets
17,18,21/04/2015,Rajasthan Royals v Punjab Kings,Ahmedabad,Punjab Kings won by   Super Over
18,19,22/04/2015,Sunrisers Hyderabad v Kolkata Knight Riders,Visakhapatnam,Sunrisers Hyderabad won by 16 Runs [D/L]
19,20,22/04/2015,Royal Challengers Bangalore v Chennai Super Kings,"Bengaluru, Bangalore",Chennai Super Kings won by 27 Runs
20,21,23/04/2015,Delhi Capitals v Mumbai Indians,Delhi,Delhi Capitals won by 37 Runs
21,22,24/04/2015,Rajasthan Royals v Royal Challengers Bangalore,Ahmedabad,Royal Challengers Bangalore won by 9 Wickets
22,23,25/04/2015,Mumbai Indians v Sunrisers Hyderabad,Mumbai,Mumbai Indians won by 20 Runs
23,24,25/04/2015,Chennai Super Kings v Punjab Kings,Chennai,Chennai Super Kings won by 97 Runs
24,25,26/04/2015,Kolkata Knight Riders v Rajasthan Royals,Kolkata,Match abandoned
25,26,26/04/2015,Delhi Capitals v Royal Challengers Bangalore,Delhi,Royal Challengers Bangalore won by 10 Wickets
26,27,27/04/2015,Punjab Kings v Sunrisers Hyderabad,"Mohali, Chandigarh",Sunrisers Hyderabad won by 20 Runs
27,28,28/04/2015,Chennai Super Kings v Kolkata Knight Riders,Chennai,Chennai Super Kings won by 2 Runs
28,29,29/04/2015,Royal Challengers Bangalore v Rajasthan Royals,"Bengaluru, Bangalore",No result
29,30,30/04/2015,Kolkata Knight Riders v Chennai Super Kings,Kolkata,Kolkata Knight Riders won by 7 Wickets
30,31,01/05/2015,Delhi Capitals v Punjab Kings,Delhi,Delhi Capitals won by 9 Wickets
31,32,01/05/2015,Mumbai Indians v Rajasthan Royals,Mumbai,Mumbai Indians won by 8 Runs
32,33,02/05/2015,Royal Challengers Bangalore v Kolkata Knight Riders,"Bengaluru, Bangalore",Royal Challengers Bangalore won by 7 Wickets
33,34,02/05/2015,Sunrisers Hyderabad v Chennai Super Kings,Hyderabad,Sunrisers Hyderabad won by 22 Runs
34,35,03/05/2015,Punjab Kings v Mumbai Indians,"Mohali, Chandigarh",Mumbai Indians won by 23 Runs
35,36,03/05/2015,Rajasthan Royals v Delhi Capitals,Mumbai,Rajasthan Royals won by 14 Runs
36,37,04/05/2015,Chennai Super Kings v Royal Challengers Bangalore,Chennai,Chennai Super Kings won by 24 Runs
37,38,04/05/2015,Kolkata Knight Riders v Sunrisers Hyderabad,Kolkata,Kolkata Knight Riders won by 35 Runs
38,39,05/05/2015,Mumbai Indians v Delhi Capitals,Mumbai,Mumbai Indians won by 5 Wickets
39,40,06/05/2015,Royal Challengers Bangalore v Punjab Kings,"Bengaluru, Bangalore",Royal Challengers Bangalore won by 138 Runs
40,41,07/05/2015,Rajasthan Royals v Sunrisers Hyderabad,Mumbai,Sunrisers Hyderabad won by 7 Runs
41,42,07/05/2015,Kolkata Knight Riders v Delhi Capitals,Kolkata,Kolkata Knight Riders won by 13 Runs
42,43,08/05/2015,Chennai Super Kings v Mumbai Indians,Chennai,Mumbai Indians won by 6 Wickets
43,44,09/05/2015,Kolkata Knight Riders v Punjab Kings,Kolkata,Kolkata Knight Riders won by 1 Wicket
44,45,09/05/2015,Delhi Capitals v Sunrisers Hyderabad,Raipur,Sunrisers Hyderabad won by 6 Runs
45,46,10/05/2015,Mumbai Indians v Royal Challengers Bangalore,Mumbai,Royal Challengers Bangalore won by 39 Runs
46,47,10/05/2015,Chennai Super Kings v Rajasthan Royals,Chennai,Chennai Super Kings won by 12 Runs
47,48,11/05/2015,Sunrisers Hyderabad v Punjab Kings,Hyderabad,Sunrisers Hyderabad won by 5 Runs
48,49,12/05/2015,Delhi Capitals v Chennai Super Kings,Raipur,Delhi Capitals won by 6 Wickets
49,50,13/05/2015,Punjab Kings v Royal Challengers Bangalore,"Mohali, Chandigarh",Punjab Kings won by 22 Runs
50,51,14/05/2015,Mumbai Indians v Kolkata Knight Riders,Mumbai,Mumbai Indians won by 5 Runs
51,52,15/05/2015,Sunrisers Hyderabad v Royal Challengers Bangalore,Hyderabad,Royal Challengers Bangalore won by 6 Wickets [D/L]
52,53,16/05/2015,Punjab Kings v Chennai Super Kings,"Mohali, Chandigarh",Chennai Super Kings won by 7 Wickets
53,54,16/05/2015,Rajasthan Royals v Kolkata Knight Riders,Mumbai,Rajasthan Royals won by 9 Runs
54,55,17/05/2015,Royal Challengers Bangalore v Delhi Capitals,"Bengaluru, Bangalore",No result
55,56,17/05/2015,Sunrisers Hyderabad v Mumbai Indians,Hyderabad,Mumbai Indians won by 9 Wickets
56,1st Qualifying Final,19/05/2015,Chennai Super Kings v Mumbai Indians,Mumbai,Mumbai Indians won by 25 Runs
57,1st Elimination Final,20/05/2015,Royal Challengers Bangalore v Rajasthan Royals,Pune,Royal Challengers Bangalore won by 71 Runs
58,2nd Qualifying Final,22/05/2015,Chennai Super Kings v Royal Challengers Bangalore,Ranchi,Chennai Super Kings won by 3 Wickets
59,Final,24/05/2015,Mumbai Indians v Chennai Super Kings,Kolkata,Mumbai Indians won by 41 Runs
0,1,09/04/2016,Mumbai Indians v Rising Pune Supergiant,Mumbai,Rising Pune Supergiant won by 9 Wickets
1,2,10/04/2016,Kolkata Knight Riders v Delhi Capitals,Kolkata,Kolkata Knight Riders won by 9 Wickets
2,3,11/04/2016,Punjab Kings v Gujarat Lions,"Mohali, Chandigarh",Gujarat Lions won by 5 Wickets
3,4,12/04/2016,Royal Challengers Bangalore v Sunrisers Hyderabad,"Bengaluru, Bangalore",Royal Challengers Bangalore won by 45 Runs
4,5,13/04/2016,Kolkata Knight Riders v Mumbai Indians,Kolkata,Mumbai Indians won by 6 Wickets
5,6,14/04/2016,Gujarat Lions v Rising Pune Supergiant,"Khandheri, Rajkot",Gujarat Lions won by 7 Wickets
6,7,15/04/2016,Delhi Capitals v Punjab Kings,Delhi,Delhi Capitals won by 8 Wickets
7,8,16/04/2016,Sunrisers Hyderabad v Kolkata Knight Riders,Hyderabad,Kolkata Knight Riders won by 8 Wickets
8,9,16/04/2016,Mumbai Indians v Gujarat Lions,Mumbai,Gujarat Lions won by 3 Wickets
9,10,17/04/2016,Punjab Kings v Rising Pune Supergiant,"Mohali, Chandigarh",Punjab Kings won by 6 Wickets
10,11,17/04/2016,Royal Challengers Bangalore v Delhi Capitals,"Bengaluru, Bangalore",Delhi Capitals won by 7 Wickets
11,12,18/04/2016,Sunrisers Hyderabad v Mumbai Indians,Hyderabad,Sunrisers Hyderabad won by 7 Wickets
12,13,19/04/2016,Punjab Kings v Kolkata Knight Riders,"Mohali, Chandigarh",Kolkata Knight Riders won by 7 Wickets
13,14,20/04/2016,Mumbai Indians v Royal Challengers Bangalore,Cuttack,Mumbai Indians won by 6 Wickets
14,15,21/04/2016,Gujarat Lions v Sunrisers Hyderabad,"Khandheri, Rajkot",Sunrisers Hyderabad won by 10 Wickets
15,16,22/04/2016,Rising Pune Supergiant v Royal Challengers Bangalore,Pune,Royal Challengers Bangalore won by 13 Runs
16,17,23/04/2016,Delhi Capitals v Mumbai Indians,Delhi,Delhi Capitals won by 10 Runs
17,18,23/04/2016,Punjab Kings v Sunrisers Hyderabad,Hyderabad,Sunrisers Hyderabad won by 5 Wickets
18,19,24/04/2016,Gujarat Lions v Royal Challengers Bangalore,"Khandheri, Rajkot",Gujarat Lions won by 6 Wickets
19,20,24/04/2016,Rising Pune Supergiant v Kolkata Knight Riders,Pune,Kolkata Knight Riders won by 2 Wickets
20,21,25/04/2016,Punjab Kings v Mumbai Indians,"Mohali, Chandigarh",Mumbai Indians won by 25 Runs
21,22,26/04/2016,Sunrisers Hyderabad v Rising Pune Supergiant,Hyderabad,Rising Pune Supergiant won by 34 Runs [D/L]
22,23,27/04/2016,Delhi Capitals v Gujarat Lions,Delhi,Gujarat Lions won by 1 Run
23,24,28/04/2016,Mumbai Indians v Kolkata Knight Riders,Mumbai,Mumbai Indians won by 6 Wickets
24,25,29/04/2016,Rising Pune Supergiant v Gujarat Lions,Pune,Gujarat Lions won by 3 Wickets
25,26,30/04/2016,Delhi Capitals v Kolkata Knight Riders,Delhi,Delhi Capitals won by 27 Runs
26,27,30/04/2016,Sunrisers Hyderabad v Royal Challengers Bangalore,Hyderabad,Sunrisers Hyderabad won by 15 Runs
27,28,01/05/2016,Gujarat Lions v Punjab Kings,"Khandheri, Rajkot",Punjab Kings won by 23 Runs
28,29,01/05/2016,Rising Pune Supergiant v Mumbai Indians,Pune,Mumbai Indians won by 8 Wickets
29,30,02/05/2016,Royal Challengers Bangalore v Kolkata Knight Riders,"Bengaluru, Bangalore",Kolkata Knight Riders won by 5 Wickets
30,31,03/05/2016,Gujarat Lions v Delhi Capitals,"Khandheri, Rajkot",Delhi Capitals won by 8 Wickets
31,32,04/05/2016,Kolkata Knight Riders v Punjab Kings,Kolkata,Kolkata Knight Riders won by 7 Runs
32,33,05/05/2016,Delhi Capitals v Rising Pune Supergiant,Delhi,Rising Pune Supergiant won by 7 Wickets
33,34,06/05/2016,Sunrisers Hyderabad v Gujarat Lions,Hyderabad,Sunrisers Hyderabad won by 5 Wickets
34,35,07/05/2016,Royal Challengers Bangalore v Rising Pune Supergiant,"Bengaluru, Bangalore",Royal Challengers Bangalore won by 7 Wickets
35,36,07/05/2016,Punjab Kings v Delhi Capitals,"Mohali, Chandigarh",Punjab Kings won by 9 Runs
36,37,08/05/2016,Mumbai Indians v Sunrisers Hyderabad,Visakhapatnam,Sunrisers Hyderabad won by 85 Runs
37,38,08/05/2016,Kolkata Knight Riders v Gujarat Lions,Kolkata,Gujarat Lions won by 5 Wickets
38,39,09/05/2016,Punjab Kings v Royal Challengers Bangalore,"Mohali, Chandigarh",Royal Challengers Bangalore won by 1 Run
39,40,10/05/2016,Rising Pune Supergiant v Sunrisers Hyderabad,Visakhapatnam,Sunrisers Hyderabad won by 4 Runs
40,41,11/05/2016,Royal Challengers Bangalore v Mumbai Indians,"Bengaluru, Bangalore",Mumbai Indians won by 6 Wickets
41,42,12/05/2016,Sunrisers Hyderabad v Delhi Capitals,Hyderabad,Delhi Capitals won by 7 Wickets
42,43,13/05/2016,Mumbai Indians v Punjab Kings,Visakhapatnam,Punjab Kings won by 7 Wickets
43,44,14/05/2016,Royal Challengers Bangalore v Gujarat Lions,"Bengaluru, Bangalore",Royal Challengers Bangalore won by 144 Runs
44,45,14/05/2016,Kolkata Knight Riders v Rising Pune Supergiant,Kolkata,Kolkata Knight Riders won by 8 Wickets [D/L]
45,46,15/05/2016,Punjab Kings v Sunrisers Hyderabad,"Mohali, Chandigarh",Sunrisers Hyderabad won by 7 Wickets
46,47,15/05/2016,Mumbai Indians v Delhi Capitals,Visakhapatnam,Mumbai Indians won by 80 Runs
47,48,16/05/2016,Kolkata Knight Riders v Royal Challengers Bangalore,Kolkata,Royal Challengers Bangalore won by 9 Wickets
48,49,17/05/2016,Rising Pune Supergiant v Delhi Capitals,Visakhapatnam,Rising Pune Supergiant won by 19 Runs [D/L]
49,50,18/05/2016,Royal Challengers Bangalore v Punjab Kings,"Bengaluru, Bangalore",Royal Challengers Bangalore won by 82 Runs [D/L]
50,51,19/05/2016,Gujarat Lions v Kolkata Knight Riders,Kanpur,Gujarat Lions won by 6 Wickets
51,52,20/05/2016,Delhi Capitals v Sunrisers Hyderabad,Raipur,Delhi Capitals won by 6 Wickets
52,53,21/05/2016,Rising Pune Supergiant v Punjab Kings,Visakhapatnam,Rising Pune Supergiant won by 4 Wickets
53,54,21/05/2016,Gujarat Lions v Mumbai Indians,Kanpur,Gujarat Lions won by 6 Wickets
54,55,22/05/2016,Kolkata Knight Riders v Sunrisers Hyderabad,Kolkata,Kolkata Knight Riders won by 22 Runs
55,56,22/05/2016,Delhi Capitals v Royal Challengers Bangalore,Raipur,Royal Challengers Bangalore won by 6 Wickets
56,1st Qualifying Final,24/05/2016,Royal Challengers Bangalore v Gujarat Lions,"Bengaluru, Bangalore",Royal Challengers Bangalore won by 4 Wickets
57,Elimination Final,25/05/2016,Sunrisers Hyderabad v Kolkata Knight Riders,Delhi,Sunrisers Hyderabad won by 22 Runs
58,Qualifying Final,27/05/2016,Gujarat Lions v Sunrisers Hyderabad,Delhi,Sunrisers Hyderabad won by 4 Wickets
59,Final,29/05/2016,Royal Challengers Bangalore v Sunrisers Hyderabad,"Bengaluru, Bangalore",Sunrisers Hyderabad won by 8 Runs
0,1,05/04/2017,Sunrisers Hyderabad v Royal Challengers Bangalore,Hyderabad,Sunrisers Hyderabad won by 35 Runs
1,2,06/04/2017,Rising Pune Supergiant v Mumbai Indians,Pune,Rising Pune Supergiant won by 7 Wickets
2,3,07/04/2017,Gujarat Lions v Kolkata Knight Riders,"Khandheri, Rajkot",Kolkata Knight Riders won by 10 Wickets
3,4,08/04/2017,Punjab Kings v Rising Pune Supergiant,Indore,Punjab Kings won by 6 Wickets
4,5,08/04/2017,Royal Challengers Bangalore v Delhi Capitals,"Bengaluru, Bangalore",Royal Challengers Bangalore won by 15 Runs
5,6,09/04/2017,Sunrisers Hyderabad v Gujarat Lions,Hyderabad,Sunrisers Hyderabad won by 9 Wickets
6,7,09/04/2017,Mumbai Indians v Kolkata Knight Riders,Mumbai,Mumbai Indians won by 4 Wickets
7,8,10/04/2017,Punjab Kings v Royal Challengers Bangalore,Indore,Punjab Kings won by 8 Wickets
8,9,11/04/2017,Rising Pune Supergiant v Delhi Capitals,Pune,Delhi Capitals won by 97 Runs
9,10,12/04/2017,Mumbai Indians v Sunrisers Hyderabad,Mumbai,Mumbai Indians won by 4 Wickets
10,11,13/04/2017,Kolkata Knight Riders v Punjab Kings,Cuttack,Kolkata Knight Riders won by 8 Wickets
11,12,14/04/2017,Royal Challengers Bangalore v Mumbai Indians,"Bengaluru, Bangalore",Mumbai Indians won by 4 Wickets
12,13,14/04/2017,Gujarat Lions v Rising Pune Supergiant,"Khandheri, Rajkot",Gujarat Lions won by 7 Wickets
13,14,15/04/2017,Kolkata Knight Riders v Sunrisers Hyderabad,Kolkata,Kolkata Knight Riders won by 17 Runs
14,15,15/04/2017,Delhi Capitals v Punjab Kings,Delhi,Delhi Capitals won by 51 Runs
15,16,16/04/2017,Mumbai Indians v Gujarat Lions,Mumbai,Mumbai Indians won by 6 Wickets
16,17,16/04/2017,Royal Challengers Bangalore v Rising Pune Supergiant,"Bengaluru, Bangalore",Rising Pune Supergiant won by 27 Runs
17,18,17/04/2017,Delhi Capitals v Kolkata Knight Riders,Delhi,Kolkata Knight Riders won by 4 Wickets
18,19,17/04/2017,Sunrisers Hyderabad v Punjab Kings,Hyderabad,Sunrisers Hyderabad won by 5 Runs
19,20,18/04/2017,Gujarat Lions v Royal Challengers Bangalore,"Khandheri, Rajkot",Royal Challengers Bangalore won by 21 Runs
20,21,19/04/2017,Sunrisers Hyderabad v Delhi Capitals,Hyderabad,Sunrisers Hyderabad won by 15 Runs
21,22,20/04/2017,Punjab Kings v Mumbai Indians,Indore,Mumbai Indians won by 8 Wickets
22,23,21/04/2017,Kolkata Knight Riders v Gujarat Lions,Kolkata,Gujarat Lions won by 4 Wickets
23,24,22/04/2017,Sunrisers Hyderabad v Rising Pune Supergiant,Pune,Rising Pune Supergiant won by 6 Wickets
24,25,22/04/2017,Mumbai Indians v Delhi Capitals,Mumbai,Mumbai Indians won by 14 Runs
25,26,22/04/2017,Punjab Kings v Gujarat Lions,"Khandheri, Rajkot",Punjab Kings won by 26 Runs
26,27,23/04/2017,Kolkata Knight Riders v Royal Challengers Bangalore,Kolkata,Kolkata Knight Riders won by 82 Runs
27,28,24/04/2017,Mumbai Indians v Rising Pune Supergiant,Mumbai,Rising Pune Supergiant won by 3 Runs
28,29,25/04/2017,Royal Challengers Bangalore v Sunrisers Hyderabad,"Bengaluru, Bangalore",Match abandoned
29,30,26/04/2017,Rising Pune Supergiant v Kolkata Knight Riders,Pune,Kolkata Knight Riders won by 7 Wickets
30,31,27/04/2017,Royal Challengers Bangalore v Gujarat Lions,"Bengaluru, Bangalore",Gujarat Lions won by 7 Wickets
31,32,28/04/2017,Kolkata Knight Riders v Delhi Capitals,Kolkata,Kolkata Knight Riders won by 7 Wickets
32,33,28/04/2017,Punjab Kings v Sunrisers Hyderabad,"Mohali, Chandigarh",Sunrisers Hyderabad won by 26 Runs
33,34,29/04/2017,Rising Pune Supergiant v Royal Challengers Bangalore,Pune,Rising Pune Supergiant won by 61 Runs
34,35,29/04/2017,Gujarat Lions v Mumbai Indians,"Khandheri, Rajkot",Match tied (Mumbai Indians won eliminator)
35,36,30/04/2017,Punjab Kings v Delhi Capitals,"Mohali, Chandigarh",Punjab Kings won by 10 Wickets
36,37,30/04/2017,Sunrisers Hyderabad v Kolkata Knight Riders,Hyderabad,Sunrisers Hyderabad won by 48 Runs
37,38,01/05/2017,Mumbai Indians v Royal Challengers Bangalore,Mumbai,Mumbai Indians won by 5 Wickets
38,39,01/05/2017,Rising Pune Supergiant v Gujarat Lions,Pune,Rising Pune Supergiant won by 5 Wickets
39,40,02/05/2017,Delhi Capitals v Sunrisers Hyderabad,Delhi,Delhi Capitals won by 6 Wickets
40,41,03/05/2017,Kolkata Knight Riders v Rising Pune Supergiant,Kolkata,Rising Pune Supergiant won by 4 Wickets
41,42,04/05/2017,Delhi Capitals v Gujarat Lions,Delhi,Delhi Capitals won by 7 Wickets
42,43,05/05/2017,Royal Challengers Bangalore v Punjab Kings,"Bengaluru, Bangalore",Punjab Kings won by 19 Runs
43,44,06/05/2017,Sunrisers Hyderabad v Rising Pune Supergiant,Hyderabad,Rising Pune Supergiant won by 12 Runs
44,45,06/05/2017,Delhi Capitals v Mumbai Indians,Cuttack,Mumbai Indians won by 146 Runs
45,46,07/05/2017,Royal Challengers Bangalore v Kolkata Knight Riders,"Bengaluru, Bangalore",Kolkata Knight Riders won by 6 Wickets
46,47,07/05/2017,Punjab Kings v Gujarat Lions,"Mohali, Chandigarh",Gujarat Lions won by 6 Wickets
47,48,08/05/2017,Sunrisers Hyderabad v Mumbai Indians,Hyderabad,Sunrisers Hyderabad won by 7 Wickets
48,49,09/05/2017,Punjab Kings v Kolkata Knight Riders,"Mohali, Chandigarh",Punjab Kings won by 14 Runs
49,50,10/05/2017,Gujarat Lions v Delhi Capitals,Kanpur,Delhi Capitals won by 2 Wickets
50,51,11/05/2017,Mumbai Indians v Punjab Kings,Mumbai,Punjab Kings won by 7 Runs
51,52,12/05/2017,Delhi Capitals v Rising Pune Supergiant,Delhi,Delhi Capitals won by 7 Runs
52,53,13/05/2017,Gujarat Lions v Sunrisers Hyderabad,Kanpur,Sunrisers Hyderabad won by 8 Wickets
53,54,13/05/2017,Kolkata Knight Riders v Mumbai Indians,Kolkata,Mumbai Indians won by 9 Runs
54,55,14/05/2017,Rising Pune Supergiant v Punjab Kings,Pune,Rising Pune Supergiant won by 9 Wickets
55,56,14/05/2017,Delhi Capitals v Royal Challengers Bangalore,Delhi,Royal Challengers Bangalore won by 10 Runs
56,1st Qualifying Final,16/05/2017,Mumbai Indians v Rising Pune Supergiant,Mumbai,Rising Pune Supergiant won by 20 Runs
57,Elimination Final,17/05/2017,Sunrisers Hyderabad v Kolkata Knight Riders,"Bengaluru, Bangalore",Kolkata Knight Riders won by 7 Wickets [D/L]
58,2nd Qualifying Final,19/05/2017,Mumbai Indians v Kolkata Knight Riders,"Bengaluru, Bangalore",Mumbai Indians won by 6 Wickets
59,Final,21/05/2017,Mumbai Indians v Rising Pune Supergiant,Hyderabad,Mumbai Indians won by 1 Run
0,1,07/04/2018,Mumbai Indians v Chennai Super Kings,Mumbai,Chennai Super Kings won by 1 Wicket
1,2,08/04/2018,Punjab Kings v Delhi Capitals,"Mohali, Chandigarh",Punjab Kings won by 6 Wickets
2,3,08/04/2018,Kolkata Knight Riders v Royal Challengers Bangalore,Kolkata,Kolkata Knight Riders won by 4 Wickets
3,4,09/04/2018,Sunrisers Hyderabad v Rajasthan Royals,Hyderabad,Sunrisers Hyderabad won by 9 Wickets
4,5,10/04/2018,Chennai Super Kings v Kolkata Knight Riders,Chennai,Chennai Super Kings won by 5 Wickets
5,6,11/04/2018,Rajasthan Royals v Delhi Capitals,Jaipur,Rajasthan Royals won by 10 Runs [D/L]
6,7,12/04/2018,Mumbai Indians v Sunrisers Hyderabad,Hyderabad,Sunrisers Hyderabad won by 1 Wicket
7,8,13/04/2018,Punjab Kings v Royal Challengers Bangalore,"Bengaluru, Bangalore",Royal Challengers Bangalore won by 4 Wickets
8,10,14/04/2018,Kolkata Knight Riders v Sunrisers Hyderabad,Kolkata,Sunrisers Hyderabad won by 5 Wickets
9,9,14/04/2018,Mumbai Indians v Delhi Capitals,Mumbai,Delhi Capitals won by 7 Wickets
10,11,15/04/2018,Royal Challengers Bangalore v Rajasthan Royals,"Bengaluru, Bangalore",Rajasthan Royals won by 19 Runs
11,12,15/04/2018,Punjab Kings v Chennai Super Kings,"Mohali, Chandigarh",Punjab Kings won by 4 Runs
12,13,16/04/2018,Kolkata Knight Riders v Delhi Capitals,Kolkata,Kolkata Knight Riders won by 71 Runs
13,14,17/04/2018,Mumbai Indians v Royal Challengers Bangalore,Mumbai,Mumbai Indians won by 46 Runs
14,15,18/04/2018,Rajasthan Royals v Kolkata Knight Riders,Jaipur,Kolkata Knight Riders won by 7 Wickets
15,16,19/04/2018,Punjab Kings v Sunrisers Hyderabad,"Mohali, Chandigarh",Punjab Kings won by 15 Runs
16,17,20/04/2018,Rajasthan Royals v Chennai Super Kings,Pune,Chennai Super Kings won by 64 Runs
17,18,21/04/2018,Kolkata Knight Riders v Punjab Kings,Kolkata,Punjab Kings won by 9 Wickets [D/L]
18,19,21/04/2018,Royal Challengers Bangalore v Delhi Capitals,"Bengaluru, Bangalore",Royal Challengers Bangalore won by 6 Wickets
19,20,22/04/2018,Sunrisers Hyderabad v Chennai Super Kings,Hyderabad,Chennai Super Kings won by 4 Runs
20,21,22/04/2018,Rajasthan Royals v Mumbai Indians,Jaipur,Rajasthan Royals won by 3 Wickets
21,22,23/04/2018,Delhi Capitals v Punjab Kings,Delhi,Punjab Kings won by 4 Runs
22,23,24/04/2018,Mumbai Indians v Sunrisers Hyderabad,Mumbai,Sunrisers Hyderabad won by 31 Runs
23,24,25/04/2018,Royal Challengers Bangalore v Chennai Super Kings,"Bengaluru, Bangalore",Chennai Super Kings won by 5 Wickets
24,25,26/04/2018,Sunrisers Hyderabad v Punjab Kings,Hyderabad,Sunrisers Hyderabad won by 13 Runs
25,26,27/04/2018,Delhi Capitals v Kolkata Knight Riders,Delhi,Delhi Capitals won by 55 Runs
26,27,28/04/2018,Chennai Super Kings v Mumbai Indians,Pune,Mumbai Indians won by 8 Wickets
27,28,29/04/2018,Rajasthan Royals v Sunrisers Hyderabad,Jaipur,Sunrisers Hyderabad won by 11 Runs
28,29,29/04/2018,Royal Challengers Bangalore v Kolkata Knight Riders,"Bengaluru, Bangalore",Kolkata Knight Riders won by 6 Wickets
29,30,30/04/2018,Chennai Super Kings v Delhi Capitals,Pune,Chennai Super Kings won by 13 Runs
30,31,01/05/2018,Royal Challengers Bangalore v Mumbai Indians,"Bengaluru, Bangalore",Royal Challengers Bangalore won by 14 Runs
31,32,02/05/2018,Delhi Capitals v Rajasthan Royals,Delhi,Delhi Capitals won by 4 Runs [D/L]
32,33,03/05/2018,Kolkata Knight Riders v Chennai Super Kings,Kolkata,Kolkata Knight Riders won by 6 Wickets
33,34,04/05/2018,Punjab Kings v Mumbai Indians,Indore,Mumbai Indians won by 6 Wickets
34,35,05/05/2018,Chennai Super Kings v Royal Challengers Bangalore,Pune,Chennai Super Kings won by 6 Wickets
35,36,05/05/2018,Sunrisers Hyderabad v Delhi Capitals,Hyderabad,Sunrisers Hyderabad won by 7 Wickets
36,37,06/05/2018,Mumbai Indians v Kolkata Knight Riders,Mumbai,Mumbai Indians won by 13 Runs
37,38,06/05/2018,Punjab Kings v Rajasthan Royals,Indore,Punjab Kings won by 6 Wickets
38,39,07/05/2018,Sunrisers Hyderabad v Royal Challengers Bangalore,Hyderabad,Sunrisers Hyderabad won by 5 Runs
39,40,08/05/2018,Rajasthan Royals v Punjab Kings,Jaipur,Rajasthan Royals won by 15 Runs
40,41,09/05/2018,Kolkata Knight Riders v Mumbai Indians,Kolkata,Mumbai Indians won by 102 Runs
41,42,10/05/2018,Delhi Capitals v Sunrisers Hyderabad,Delhi,Sunrisers Hyderabad won by 9 Wickets
42,43,11/05/2018,Rajasthan Royals v Chennai Super Kings,Jaipur,Rajasthan Royals won by 4 Wickets
43,44,12/05/2018,Punjab Kings v Kolkata Knight Riders,Indore,Kolkata Knight Riders won by 31 Runs
44,45,12/05/2018,Delhi Capitals v Royal Challengers Bangalore,Delhi,Royal Challengers Bangalore won by 5 Wickets
45,46,13/05/2018,Chennai Super Kings v Sunrisers Hyderabad,Pune,Chennai Super Kings won by 8 Wickets
46,47,13/05/2018,Mumbai Indians v Rajasthan Royals,Mumbai,Rajasthan Royals won by 7 Wickets
47,48,14/05/2018,Punjab Kings v Royal Challengers Bangalore,Indore,Royal Challengers Bangalore won by 10 Wickets
48,49,15/05/2018,Kolkata Knight Riders v Rajasthan Royals,Kolkata,Kolkata Knight Riders won by 6 Wickets
49,50,16/05/2018,Mumbai Indians v Punjab Kings,Mumbai,Mumbai Indians won by 3 Runs
50,51,17/05/2018,Royal Challengers Bangalore v Sunrisers Hyderabad,"Bengaluru, Bangalore",Royal Challengers Bangalore won by 14 Runs
51,52,18/05/2018,Delhi Capitals v Chennai Super Kings,Delhi,Delhi Capitals won by 34 Runs
52,53,19/05/2018,Rajasthan Royals v Royal Challengers Bangalore,Jaipur,Rajasthan Royals won by 30 Runs
53,54,19/05/2018,Sunrisers Hyderabad v Kolkata Knight Riders,Hyderabad,Kolkata Knight Riders won by 5 Wickets
54,55,20/05/2018,Delhi Capitals v Mumbai Indians,Delhi,Delhi Capitals won by 11 Runs
55,56,20/05/2018,Chennai Super Kings v Punjab Kings,Pune,Chennai Super Kings won by 5 Wickets
56,1st Qualifying Final,22/05/2018,Chennai Super Kings v Sunrisers Hyderabad,Mumbai,Chennai Super Kings won by 2 Wickets
57,1st Elimination Final,23/05/2018,Kolkata Knight Riders v Rajasthan Royals,Kolkata,Kolkata Knight Riders won by 25 Runs
58,2nd Qualifying Final,25/05/2018,Kolkata Knight Riders v Sunrisers Hyderabad,Kolkata,Sunrisers Hyderabad won by 14 Runs
59,Final,27/05/2018,Chennai Super Kings v Sunrisers Hyderabad,Mumbai,Chennai Super Kings won by 8 Wickets
0,1,23/03/2019,Chennai Super Kings v Royal Challengers Bangalore,Chennai,Chennai Super Kings won by 7 Wickets
1,2,24/03/2019,Kolkata Knight Riders v Sunrisers Hyderabad,Kolkata,Kolkata Knight Riders won by 6 Wickets
2,3,24/03/2019,Mumbai Indians v Delhi Capitals,Mumbai,Delhi Capitals won by 37 Runs
3,4,25/03/2019,Rajasthan Royals v Punjab Kings,Jaipur,Punjab Kings won by 14 Runs
4,5,26/03/2019,Delhi Capitals v Chennai Super Kings,Delhi,Chennai Super Kings won by 6 Wickets
5,6,27/03/2019,Kolkata Knight Riders v Punjab Kings,Kolkata,Kolkata Knight Riders won by 28 Runs
6,7,28/03/2019,Royal Challengers Bangalore v Mumbai Indians,"Bengaluru, Bangalore",Mumbai Indians won by 6 Runs
7,8,29/03/2019,Sunrisers Hyderabad v Rajasthan Royals,Hyderabad,Sunrisers Hyderabad won by 5 Wickets
8,10,30/03/2019,Delhi Capitals v Kolkata Knight Riders,Delhi,Match tied (Delhi Capitals won eliminator)
9,9,30/03/2019,Punjab Kings v Mumbai Indians,"Mohali, Chandigarh",Punjab Kings won by 8 Wickets
10,11,31/03/2019,Sunrisers Hyderabad v Royal Challengers Bangalore,Hyderabad,Sunrisers Hyderabad won by 118 Runs
11,12,31/03/2019,Chennai Super Kings v Rajasthan Royals,Chennai,Chennai Super Kings won by 8 Runs
12,13,01/04/2019,Punjab Kings v Delhi Capitals,"Mohali, Chandigarh",Punjab Kings won by 14 Runs
13,14,02/04/2019,Rajasthan Royals v Royal Challengers Bangalore,Jaipur,Rajasthan Royals won by 7 Wickets
14,15,03/04/2019,Mumbai Indians v Chennai Super Kings,Mumbai,Mumbai Indians won by 37 Runs
15,16,04/04/2019,Delhi Capitals v Sunrisers Hyderabad,Delhi,Sunrisers Hyderabad won by 5 Wickets
16,17,05/04/2019,Royal Challengers Bangalore v Kolkata Knight Riders,"Bengaluru, Bangalore",Kolkata Knight Riders won by 5 Wickets
17,18,06/04/2019,Chennai Super Kings v Punjab Kings,Chennai,Chennai Super Kings won by 22 Runs
18,19,06/04/2019,Sunrisers Hyderabad v Mumbai Indians,Hyderabad,Mumbai Indians won by 40 Runs
19,20,07/04/2019,Royal Challengers Bangalore v Delhi Capitals,"Bengaluru, Bangalore",Delhi Capitals won by 4 Wickets
20,21,07/04/2019,Rajasthan Royals v Kolkata Knight Riders,Jaipur,Kolkata Knight Riders won by 8 Wickets
21,22,08/04/2019,Punjab Kings v Sunrisers Hyderabad,"Mohali, Chandigarh",Punjab Kings won by 6 Wickets
22,23,09/04/2019,Chennai Super Kings v Kolkata Knight Riders,Chennai,Chennai Super Kings won by 7 Wickets
23,24,10/04/2019,Mumbai Indians v Punjab Kings,Mumbai,Mumbai Indians won by 3 Wickets
24,25,11/04/2019,Rajasthan Royals v Chennai Super Kings,Jaipur,Chennai Super Kings won by 4 Wickets
25,26,12/04/2019,Kolkata Knight Riders v Delhi Capitals,Kolkata,Delhi Capitals won by 7 Wickets
26,27,13/04/2019,Mumbai Indians v Rajasthan Royals,Mumbai,Rajasthan Royals won by 4 Wickets
27,28,13/04/2019,Punjab Kings v Royal Challengers Bangalore,"Mohali, Chandigarh",Royal Challengers Bangalore won by 8 Wickets
28,29,14/04/2019,Kolkata Knight Riders v Chennai Super Kings,Kolkata,Chennai Super Kings won by 5 Wickets
29,30,14/04/2019,Sunrisers Hyderabad v Delhi Capitals,Hyderabad,Delhi Capitals won by 39 Runs
30,31,15/04/2019,Mumbai Indians v Royal Challengers Bangalore,Mumbai,Mumbai Indians won by 5 Wickets
31,32,16/04/2019,Punjab Kings v Rajasthan Royals,"Mohali, Chandigarh",Punjab Kings won by 12 Runs
32,33,17/04/2019,Sunrisers Hyderabad v Chennai Super Kings,Hyderabad,Sunrisers Hyderabad won by 6 Wickets
33,34,18/04/2019,Delhi Capitals v Mumbai Indians,Delhi,Mumbai Indians won by 40 Runs
34,35,19/04/2019,Kolkata Knight Riders v Royal Challengers Bangalore,Kolkata,Royal Challengers Bangalore won by 10 Runs
35,36,20/04/2019,Rajasthan Royals v Mumbai Indians,Jaipur,Rajasthan Royals won by 5 Wickets
36,37,20/04/2019,Delhi Capitals v Punjab Kings,Delhi,Delhi Capitals won by 5 Wickets
37,38,21/04/2019,Sunrisers Hyderabad v Kolkata Knight Riders,Hyderabad,Sunrisers Hyderabad won by 9 Wickets
38,39,21/04/2019,Royal Challengers Bangalore v Chennai Super Kings,"Bengaluru, Bangalore",Royal Challengers Bangalore won by 1 Run
39,40,22/04/2019,Rajasthan Royals v Delhi Capitals,Jaipur,Delhi Capitals won by 6 Wickets
40,41,23/04/2019,Chennai Super Kings v Sunrisers Hyderabad,Chennai,Chennai Super Kings won by 6 Wickets
41,42,24/04/2019,Royal Challengers Bangalore v Punjab Kings,"Bengaluru, Bangalore",Royal Challengers Bangalore won by 17 Runs
42,43,25/04/2019,Kolkata Knight Riders v Rajasthan Royals,Kolkata,Rajasthan Royals won by 3 Wickets
43,44,26/04/2019,Chennai Super Kings v Mumbai Indians,Chennai,Mumbai Indians won by 46 Runs
44,45,27/04/2019,Rajasthan Royals v Sunrisers Hyderabad,Jaipur,Rajasthan Royals won by 7 Wickets
45,46,28/04/2019,Delhi Capitals v Royal Challengers Bangalore,Delhi,Delhi Capitals won by 16 Runs
46,47,28/04/2019,Kolkata Knight Riders v Mumbai Indians,Kolkata,Kolkata Knight Riders won by 34 Runs
47,48,29/04/2019,Sunrisers Hyderabad v Punjab Kings,Hyderabad,Sunrisers Hyderabad won by 45 Runs
48,49,30/04/2019,Royal Challengers Bangalore v Rajasthan Royals,"Bengaluru, Bangalore",No result
49,50,01/05/2019,Chennai Super Kings v Delhi Capitals,Chennai,Chennai Super Kings won by 80 Runs
50,51,02/05/2019,Mumbai Indians v Sunrisers Hyderabad,Mumbai,Match tied (Mumbai Indians won eliminator)
51,52,03/05/2019,Punjab Kings v Kolkata Knight Riders,"Mohali, Chandigarh",Kolkata Knight Riders won by 7 Wickets
52,53,04/05/2019,Delhi Capitals v Rajasthan Royals,Delhi,Delhi Capitals won by 5 Wickets
53,54,04/05/2019,Royal Challengers Bangalore v Sunrisers Hyderabad,"Bengaluru, Bangalore",Royal Challengers Bangalore won by 4 Wickets
54,55,05/05/2019,Punjab Kings v Chennai Super Kings,"Mohali, Chandigarh",Punjab Kings won by 6 Wickets
55,56,05/05/2019,Mumbai Indians v Kolkata Knight Riders,Mumbai,Mumbai Indians won by 9 Wickets
56,1st Qualifying Final,07/05/2019,Chennai Super Kings v Mumbai Indians,Chennai,Mumbai Indians won by 6 Wickets
57,Elimination Final,08/05/2019,Delhi Capitals v Sunrisers Hyderabad,Visakhapatnam,Delhi Capitals won by 2 Wickets
58,2nd Qualifying Final,10/05/2019,Chennai Super Kings v Delhi Capitals,Visakhapatnam,Chennai Super Kings won by 6 Wickets
59,Final,12/05/2019,Chennai Super Kings v Mumbai Indians,Hyderabad,Mumbai Indians won by 1 Run
0,1,19/09/2020,Chennai Super Kings v Mumbai Indians,Abu Dhabi,Chennai Super Kings won by 5 Wickets
1,2,20/09/2020,Delhi Capitals v Punjab Kings,Dubai,Match tied (Delhi Capitals won eliminator)
2,3,21/09/2020,Royal Challengers Bangalore v Sunrisers Hyderabad,Dubai,Royal Challengers Bangalore won by 10 Runs
3,4,22/09/2020,Chennai Super Kings v Rajasthan Royals,Sharjah,Rajasthan Royals won by 16 Runs
4,5,23/09/2020,Kolkata Knight Riders v Mumbai Indians,Abu Dhabi,Mumbai Indians won by 49 Runs
5,6,24/09/2020,Punjab Kings v Royal Challengers Bangalore,Dubai,Punjab Kings won by 97 Runs
6,7,25/09/2020,Chennai Super Kings v Delhi Capitals,Dubai,Delhi Capitals won by 44 Runs
7,8,26/09/2020,Kolkata Knight Riders v Sunrisers Hyderabad,Abu Dhabi,Kolkata Knight Riders won by 7 Wickets
8,9,27/09/2020,Punjab Kings v Rajasthan Royals,Sharjah,Rajasthan Royals won by 4 Wickets
9,10,28/09/2020,Mumbai Indians v Royal Challengers Bangalore,Dubai,Match tied (Royal Challengers Bangalore won eliminator)
10,11,29/09/2020,Delhi Capitals v Sunrisers Hyderabad,Abu Dhabi,Sunrisers Hyderabad won by 15 Runs
11,12,30/09/2020,Kolkata Knight Riders v Rajasthan Royals,Dubai,Kolkata Knight Riders won by 37 Runs
12,13,01/10/2020,Punjab Kings v Mumbai Indians,Abu Dhabi,Mumbai Indians won by 48 Runs
13,14,02/10/2020,Chennai Super Kings v Sunrisers Hyderabad,Dubai,Sunrisers Hyderabad won by 7 Runs
14,15,03/10/2020,Royal Challengers Bangalore v Rajasthan Royals,Abu Dhabi,Royal Challengers Bangalore won by 8 Wickets
15,16,03/10/2020,Delhi Capitals v Kolkata Knight Riders,Sharjah,Delhi Capitals won by 18 Runs
16,17,04/10/2020,Mumbai Indians v Sunrisers Hyderabad,Sharjah,Mumbai Indians won by 34 Runs
17,18,04/10/2020,Chennai Super Kings v Punjab Kings,Dubai,Chennai Super Kings won by 10 Wickets
18,19,05/10/2020,Delhi Capitals v Royal Challengers Bangalore,Dubai,Delhi Capitals won by 59 Runs
19,20,06/10/2020,Mumbai Indians v Rajasthan Royals,Abu Dhabi,Mumbai Indians won by 57 Runs
20,21,07/10/2020,Chennai Super Kings v Kolkata Knight Riders,Abu Dhabi,Kolkata Knight Riders won by 10 Runs
21,22,08/10/2020,Punjab Kings v Sunrisers Hyderabad,Dubai,Sunrisers Hyderabad won by 69 Runs
22,23,09/10/2020,Delhi Capitals v Rajasthan Royals,Sharjah,Delhi Capitals won by 46 Runs
23,24,10/10/2020,Kolkata Knight Riders v Punjab Kings,Abu Dhabi,Kolkata Knight Riders won by 2 Runs
24,25,10/10/2020,Chennai Super Kings v Royal Challengers Bangalore,Dubai,Royal Challengers Bangalore won by 37 Runs
25,26,11/10/2020,Rajasthan Royals v Sunrisers Hyderabad,Dubai,Rajasthan Royals won by 5 Wickets
26,27,11/10/2020,Delhi Capitals v Mumbai Indians,Abu Dhabi,Mumbai Indians won by 5 Wickets
27,28,12/10/2020,Kolkata Knight Riders v Royal Challengers Bangalore,Sharjah,Royal Challengers Bangalore won by 82 Runs
28,29,13/10/2020,Chennai Super Kings v Sunrisers Hyderabad,Dubai,Chennai Super Kings won by 20 Runs
29,30,14/10/2020,Delhi Capitals v Rajasthan Royals,Dubai,Delhi Capitals won by 13 Runs
30,31,15/10/2020,Punjab Kings v Royal Challengers Bangalore,Sharjah,Punjab Kings won by 8 Wickets
31,32,16/10/2020,Kolkata Knight Riders v Mumbai Indians,Abu Dhabi,Mumbai Indians won by 8 Wickets
32,33,17/10/2020,Royal Challengers Bangalore v Rajasthan Royals,Dubai,Royal Challengers Bangalore won by 7 Wickets
33,34,17/10/2020,Chennai Super Kings v Delhi Capitals,Sharjah,Delhi Capitals won by 5 Wickets
34,35,18/10/2020,Kolkata Knight Riders v Sunrisers Hyderabad,Abu Dhabi,Match tied (Kolkata Knight Riders won eliminator)
35,36,18/10/2020,Punjab Kings v Mumbai Indians,Dubai,Match tied (Punjab Kings won eliminator)
36,37,19/10/2020,Chennai Super Kings v Rajasthan Royals,Abu Dhabi,Rajasthan Royals won by 7 Wickets
37,38,20/10/2020,Delhi Capitals v Punjab Kings,Dubai,Punjab Kings won by 5 Wickets
38,39,21/10/2020,Kolkata Knight Riders v Royal Challengers Bangalore,Abu Dhabi,Royal Challengers Bangalore won by 8 Wickets
39,40,22/10/2020,Rajasthan Royals v Sunrisers Hyderabad,Dubai,Sunrisers Hyderabad won by 8 Wickets
40,41,23/10/2020,Chennai Super Kings v Mumbai Indians,Sharjah,Mumbai Indians won by 10 Wickets
41,42,24/10/2020,Delhi Capitals v Kolkata Knight Riders,Abu Dhabi,Kolkata Knight Riders won by 59 Runs
42,43,24/10/2020,Punjab Kings v Sunrisers Hyderabad,Dubai,Punjab Kings won by 12 Runs
43,44,25/10/2020,Chennai Super Kings v Royal Challengers Bangalore,Dubai,Chennai Super Kings won by 8 Wickets
44,45,25/10/2020,Mumbai Indians v Rajasthan Royals,Abu Dhabi,Rajasthan Royals won by 8 Wickets
45,46,26/10/2020,Kolkata Knight Riders v Punjab Kings,Sharjah,Punjab Kings won by 8 Wickets
46,47,27/10/2020,Delhi Capitals v Sunrisers Hyderabad,Dubai,Sunrisers Hyderabad won by 88 Runs
47,48,28/10/2020,Mumbai Indians v Royal Challengers Bangalore,Abu Dhabi,Mumbai Indians won by 5 Wickets
48,49,29/10/2020,Chennai Super Kings v Kolkata Knight Riders,Dubai,Chennai Super Kings won by 6 Wickets
49,50,30/10/2020,Punjab Kings v Rajasthan Royals,Abu Dhabi,Rajasthan Royals won by 7 Wickets
50,51,31/10/2020,Delhi Capitals v Mumbai Indians,Dubai,Mumbai Indians won by 9 Wickets
51,52,31/10/2020,Royal Challengers Bangalore v Sunrisers Hyderabad,Sharjah,Sunrisers Hyderabad won by 5 Wickets
52,53,01/11/2020,Chennai Super Kings v Punjab Kings,Abu Dhabi,Chennai Super Kings won by 9 Wickets
53,54,01/11/2020,Kolkata Knight Riders v Rajasthan Royals,Dubai,Kolkata Knight Riders won by 60 Runs
54,55,02/11/2020,Delhi Capitals v Royal Challengers Bangalore,Abu Dhabi,Delhi Capitals won by 6 Wickets
55,56,03/11/2020,Mumbai Indians v Sunrisers Hyderabad,Sharjah,Sunrisers Hyderabad won by 10 Wickets
56,1st Qualifying Final,05/11/2020,Delhi Capitals v Mumbai Indians,Dubai,Mumbai Indians won by 57 Runs
57,Elimination Final,06/11/2020,Royal Challengers Bangalore v Sunrisers Hyderabad,Abu Dhabi,Sunrisers Hyderabad won by 6 Wickets
58,2nd Qualifying Final,08/11/2020,Delhi Capitals v Sunrisers Hyderabad,Abu Dhabi,Delhi Capitals won by 17 Runs
59,Final,10/11/2020,Delhi Capitals v Mumbai Indians,Dubai,Mumbai Indians won by 5 Wickets
0,1,09/04/2021,Mumbai Indians v Royal Challengers Bangalore,Chennai,Royal Challengers Bangalore won by 2 Wickets
1,2,10/04/2021,Chennai Super Kings v Delhi Capitals,Mumbai,Delhi Capitals won by 7 Wickets
2,3,11/04/2021,Kolkata Knight Riders v Sunrisers Hyderabad,Chennai,Kolkata Knight Riders won by 10 Runs
3,4,12/04/2021,Punjab Kings v Rajasthan Royals,Mumbai,Punjab Kings won by 4 Runs
4,5,13/04/2021,Kolkata Knight Riders v Mumbai Indians,Chennai,Mumbai Indians won by 10 Runs
5,6,14/04/2021,Royal Challengers Bangalore v Sunrisers Hyderabad,Chennai,Royal Challengers Bangalore won by 6 Runs
6,7,15/04/2021,Delhi Capitals v Rajasthan Royals,Mumbai,Rajasthan Royals won by 3 Wickets
7,8,16/04/2021,Chennai Super Kings v Punjab Kings,Mumbai,Chennai Super Kings won by 6 Wickets
8,9,17/04/2021,Mumbai Indians v Sunrisers Hyderabad,Chennai,Mumbai Indians won by 13 Runs
9,10,18/04/2021,Kolkata Knight Riders v Royal Challengers Bangalore,Chennai,Royal Challengers Bangalore won by 38 Runs
10,11,18/04/2021,Delhi Capitals v Punjab Kings,Mumbai,Delhi Capitals won by 6 Wickets
11,12,19/04/2021,Chennai Super Kings v Rajasthan Royals,Mumbai,Chennai Super Kings won by 45 Runs
12,13,20/04/2021,Delhi Capitals v Mumbai Indians,Chennai,Delhi Capitals won by 6 Wickets
13,14,21/04/2021,Punjab Kings v Sunrisers Hyderabad,Chennai,Sunrisers Hyderabad won by 9 Wickets
14,15,21/04/2021,Chennai Super Kings v Kolkata Knight Riders,Mumbai,Chennai Super Kings won by 18 Runs
15,16,22/04/2021,Rajasthan Royals v Royal Challengers Bangalore,Mumbai,Royal Challengers Bangalore won by 10 Wickets
16,17,23/04/2021,Mumbai Indians v Punjab Kings,Chennai,Punjab Kings won by 9 Wickets
17,18,24/04/2021,Kolkata Knight Riders v Rajasthan Royals,Mumbai,Rajasthan Royals won by 6 Wickets
18,19,25/04/2021,Chennai Super Kings v Royal Challengers Bangalore,Mumbai,Chennai Super Kings won by 69 Runs
19,20,25/04/2021,Delhi Capitals v Sunrisers Hyderabad,Chennai,Match tied (Delhi Capitals won eliminator)
20,21,26/04/2021,Kolkata Knight Riders v Punjab Kings,Ahmedabad,Kolkata Knight Riders won by 5 Wickets
21,22,27/04/2021,Delhi Capitals v Royal Challengers Bangalore,Ahmedabad,Royal Challengers Bangalore won by 1 Run
22,23,28/04/2021,Chennai Super Kings v Sunrisers Hyderabad,Delhi,Chennai Super Kings won by 7 Wickets
23,24,29/04/2021,Mumbai Indians v Rajasthan Royals,Delhi,Mumbai Indians won by 7 Wickets
24,25,29/04/2021,Delhi Capitals v Kolkata Knight Riders,Ahmedabad,Delhi Capitals won by 7 Wickets
25,26,30/04/2021,Punjab Kings v Royal Challengers Bangalore,Ahmedabad,Punjab Kings won by 34 Runs
26,27,01/05/2021,Chennai Super Kings v Mumbai Indians,Delhi,Mumbai Indians won by 4 Wickets
27,28,02/05/2021,Rajasthan Royals v Sunrisers Hyderabad,Delhi,Rajasthan Royals won by 55 Runs
28,29,02/05/2021,Delhi Capitals v Punjab Kings,Ahmedabad,Delhi Capitals won by 7 Wickets
29,30,19/09/2021,Chennai Super Kings v Mumbai Indians,Dubai,Chennai Super Kings won by 20 Runs
30,31,20/09/2021,Kolkata Knight Riders v Royal Challengers Bangalore,Abu Dhabi,Kolkata Knight Riders won by 9 Wickets
31,32,21/09/2021,Punjab Kings v Rajasthan Royals,Dubai,Rajasthan Royals won by 2 Runs
32,33,22/09/2021,Delhi Capitals v Sunrisers Hyderabad,Dubai,Delhi Capitals won by 8 Wickets
33,34,23/09/2021,Kolkata Knight Riders v Mumbai Indians,Abu Dhabi,Kolkata Knight Riders won by 7 Wickets
34,35,24/09/2021,Chennai Super Kings v Royal Challengers Bangalore,Sharjah,Chennai Super Kings won by 6 Wickets
35,36,25/09/2021,Delhi Capitals v Rajasthan Royals,Abu Dhabi,Delhi Capitals won by 33 Runs
36,37,25/09/2021,Punjab Kings v Sunrisers Hyderabad,Sharjah,Punjab Kings won by 5 Runs
37,38,26/09/2021,Chennai Super Kings v Kolkata Knight Riders,Abu Dhabi,Chennai Super Kings won by 2 Wickets
38,39,26/09/2021,Mumbai Indians v Royal Challengers Bangalore,Dubai,Royal Challengers Bangalore won by 54 Runs
39,40,27/09/2021,Rajasthan Royals v Sunrisers Hyderabad,Dubai,Sunrisers Hyderabad won by 7 Wickets
40,41,28/09/2021,Delhi Capitals v Kolkata Knight Riders,Sharjah,Kolkata Knight Riders won by 3 Wickets
41,42,28/09/2021,Mumbai Indians v Punjab Kings,Abu Dhabi,Mumbai Indians won by 6 Wickets
42,43,29/09/2021,Rajasthan Royals v Royal Challengers Bangalore,Dubai,Royal Challengers Bangalore won by 7 Wickets
43,44,30/09/2021,Chennai Super Kings v Sunrisers Hyderabad,Sharjah,Chennai Super Kings won by 6 Wickets
44,45,01/10/2021,Kolkata Knight Riders v Punjab Kings,Dubai,Punjab Kings won by 5 Wickets
45,46,02/10/2021,Delhi Capitals v Mumbai Indians,Sharjah,Delhi Capitals won by 4 Wickets
46,47,02/10/2021,Chennai Super Kings v Rajasthan Royals,Abu Dhabi,Rajasthan Royals won by 7 Wickets
47,48,03/10/2021,Punjab Kings v Royal Challengers Bangalore,Sharjah,Royal Challengers Bangalore won by 6 Runs
48,49,03/10/2021,Kolkata Knight Riders v Sunrisers Hyderabad,Dubai,Kolkata Knight Riders won by 6 Wickets
49,50,04/10/2021,Chennai Super Kings v Delhi Capitals,Dubai,Delhi Capitals won by 3 Wickets
50,51,05/10/2021,Mumbai Indians v Rajasthan Royals,Sharjah,Mumbai Indians won by 8 Wickets
51,52,06/10/2021,Royal Challengers Bangalore v Sunrisers Hyderabad,Abu Dhabi,Sunrisers Hyderabad won by 4 Runs
52,53,07/10/2021,Chennai Super Kings v Punjab Kings,Dubai,Punjab Kings won by 6 Wickets
53,54,07/10/2021,Kolkata Knight Riders v Rajasthan Royals,Sharjah,Kolkata Knight Riders won by 86 Runs
54,55,08/10/2021,Mumbai Indians v Sunrisers Hyderabad,Abu Dhabi,Mumbai Indians won by 42 Runs
55,56,08/10/2021,Delhi Capitals v Royal Challengers Bangalore,Dubai,Royal Challengers Bangalore won by 7 Wickets
56,1st Qualifying Final,10/10/2021,Chennai Super Kings v Delhi Capitals,Dubai,Chennai Super Kings won by 4 Wickets
57,1st Elimination Final,11/10/2021,Kolkata Knight Riders v Royal Challengers Bangalore,Sharjah,Kolkata Knight Riders won by 4 Wickets
58,2nd Qualifying Final,13/10/2021,Delhi Capitals v Kolkata Knight Riders,Sharjah,Kolkata Knight Riders won by 3 Wickets
59,Final,15/10/2021,Chennai Super Kings v Kolkata Knight Riders,Dubai,Chennai Super Kings won by 27 Runs
